model,variant,split,metric,k,value,n_users,n_ratings,seed,run_id,timestamp
item_knn,"centering=item,neighbourhood_size=5,shrinkage=0.0",val,rmse,,1.00451426607924,943,9988,20260903,20260905T070000,1788571819
item_knn,"centering=item,neighbourhood_size=5,shrinkage=0.0",val,mae,,0.7841149865192107,943,9988,20260903,20260905T070000,1788571819
item_knn,"centering=item,neighbourhood_size=5,shrinkage=0.0",val,precision_at_k,5.0,0.021296296296296296,864,0,20260903,20260905T070000,1788571819
item_knn,"centering=item,neighbourhood_size=5,shrinkage=0.0",val,recall_at_k,5.0,0.01658325186552221,864,0,20260903,20260905T070000,1788571819
item_knn,"centering=item,neighbourhood_size=5,shrinkage=0.0",val,coverage,5.0,0.3136507936507936,864,0,20260903,20260905T070000,1788571819
item_knn,"centering=item,neighbourhood_size=5,shrinkage=0.0",val,mean_popularity,5.0,123.74560185185184,864,0,20260903,20260905T070000,1788571819
item_knn,"centering=item,neighbourhood_size=5,shrinkage=0.0",val,popularity_percentile,5.0,0.7722957550943573,864,0,20260903,20260905T070000,1788571819
item_knn,"centering=item,neighbourhood_size=5,shrinkage=0.0",val,gini,5.0,0.8967569077013522,864,0,20260903,20260905T070000,1788571819
item_knn,"centering=item,neighbourhood_size=5,shrinkage=0.0",val,precision_at_k,10.0,0.019097222222222224,864,0,20260903,20260905T070000,1788571819
item_knn,"centering=item,neighbourhood_size=5,shrinkage=0.0",val,recall_at_k,10.0,0.029576938804236265,864,0,20260903,20260905T070000,1788571819
item_knn,"centering=item,neighbourhood_size=5,shrinkage=0.0",val,coverage,10.0,0.42857142857142855,864,0,20260903,20260905T070000,1788571819
item_knn,"centering=item,neighbourhood_size=5,shrinkage=0.0",val,mean_popularity,10.0,115.5111111111111,864,0,20260903,20260905T070000,1788571819
item_knn,"centering=item,neighbourhood_size=5,shrinkage=0.0",val,popularity_percentile,10.0,0.7582016359593392,864,0,20260903,20260905T070000,1788571819
item_knn,"centering=item,neighbourhood_size=5,shrinkage=0.0",val,gini,10.0,0.8667633744855967,864,0,20260903,20260905T070000,1788571819
item_knn,"centering=item,neighbourhood_size=5,shrinkage=0.0",val,precision_at_k,20.0,0.01753472222222222,864,0,20260903,20260905T070000,1788571819
item_knn,"centering=item,neighbourhood_size=5,shrinkage=0.0",val,recall_at_k,20.0,0.051191818778199706,864,0,20260903,20260905T070000,1788571819
item_knn,"centering=item,neighbourhood_size=5,shrinkage=0.0",val,coverage,20.0,0.5606349206349206,864,0,20260903,20260905T070000,1788571819
item_knn,"centering=item,neighbourhood_size=5,shrinkage=0.0",val,mean_popularity,20.0,106.3738425925926,864,0,20260903,20260905T070000,1788571819
item_knn,"centering=item,neighbourhood_size=5,shrinkage=0.0",val,popularity_percentile,20.0,0.7383839754223729,864,0,20260903,20260905T070000,1788571819
item_knn,"centering=item,neighbourhood_size=5,shrinkage=0.0",val,gini,20.0,0.8307367724867725,864,0,20260903,20260905T070000,1788571819
item_knn,"centering=user,neighbourhood_size=5,shrinkage=0.0",val,rmse,,1.0798903273942406,943,9988,20260903,20260905T070000,1788571837
item_knn,"centering=user,neighbourhood_size=5,shrinkage=0.0",val,mae,,0.8524062420084639,943,9988,20260903,20260905T070000,1788571837
item_knn,"centering=user,neighbourhood_size=5,shrinkage=0.0",val,precision_at_k,5.0,0.031712962962962964,864,0,20260903,20260905T070000,1788571837
item_knn,"centering=user,neighbourhood_size=5,shrinkage=0.0",val,recall_at_k,5.0,0.02385899861523792,864,0,20260903,20260905T070000,1788571837
item_knn,"centering=user,neighbourhood_size=5,shrinkage=0.0",val,coverage,5.0,0.26412698412698415,864,0,20260903,20260905T070000,1788571837
item_knn,"centering=user,neighbourhood_size=5,shrinkage=0.0",val,mean_popularity,5.0,156.6159722222222,864,0,20260903,20260905T070000,1788571837
item_knn,"centering=user,neighbourhood_size=5,shrinkage=0.0",val,popularity_percentile,5.0,0.8312535295778625,864,0,20260903,20260905T070000,1788571837
item_knn,"centering=user,neighbourhood_size=5,shrinkage=0.0",val,gini,5.0,0.93295620223398,864,0,20260903,20260905T070000,1788571837
item_knn,"centering=user,neighbourhood_size=5,shrinkage=0.0",val,precision_at_k,10.0,0.02789351851851852,864,0,20260903,20260905T070000,1788571837
item_knn,"centering=user,neighbourhood_size=5,shrinkage=0.0",val,recall_at_k,10.0,0.04349792825700245,864,0,20260903,20260905T070000,1788571837
item_knn,"centering=user,neighbourhood_size=5,shrinkage=0.0",val,coverage,10.0,0.35873015873015873,864,0,20260903,20260905T070000,1788571837
item_knn,"centering=user,neighbourhood_size=5,shrinkage=0.0",val,mean_popularity,10.0,146.07604166666667,864,0,20260903,20260905T070000,1788571837
item_knn,"centering=user,neighbourhood_size=5,shrinkage=0.0",val,popularity_percentile,10.0,0.8138892565532496,864,0,20260903,20260905T070000,1788571837
item_knn,"centering=user,neighbourhood_size=5,shrinkage=0.0",val,gini,10.0,0.911213697824809,864,0,20260903,20260905T070000,1788571837
item_knn,"centering=user,neighbourhood_size=5,shrinkage=0.0",val,precision_at_k,20.0,0.021122685185185185,864,0,20260903,20260905T070000,1788571837
item_knn,"centering=user,neighbourhood_size=5,shrinkage=0.0",val,recall_at_k,20.0,0.06455116893396158,864,0,20260903,20260905T070000,1788571837
item_knn,"centering=user,neighbourhood_size=5,shrinkage=0.0",val,coverage,20.0,0.5028571428571429,864,0,20260903,20260905T070000,1788571837
item_knn,"centering=user,neighbourhood_size=5,shrinkage=0.0",val,mean_popularity,20.0,133.6697337962963,864,0,20260903,20260905T070000,1788571837
item_knn,"centering=user,neighbourhood_size=5,shrinkage=0.0",val,popularity_percentile,20.0,0.7911262368229093,864,0,20260903,20260905T070000,1788571837
item_knn,"centering=user,neighbourhood_size=5,shrinkage=0.0",val,gini,20.0,0.882451646090535,864,0,20260903,20260905T070000,1788571837
item_knn,"centering=item,neighbourhood_size=5,shrinkage=10.0",val,rmse,,0.9998496408394671,943,9988,20260903,20260905T070000,1788571855
item_knn,"centering=item,neighbourhood_size=5,shrinkage=10.0",val,mae,,0.7794065466417709,943,9988,20260903,20260905T070000,1788571855
item_knn,"centering=item,neighbourhood_size=5,shrinkage=10.0",val,precision_at_k,5.0,0.0224537037037037,864,0,20260903,20260905T070000,1788571855
item_knn,"centering=item,neighbourhood_size=5,shrinkage=10.0",val,recall_at_k,5.0,0.01571153302614756,864,0,20260903,20260905T070000,1788571855
item_knn,"centering=item,neighbourhood_size=5,shrinkage=10.0",val,coverage,5.0,0.32571428571428573,864,0,20260903,20260905T070000,1788571855
item_knn,"centering=item,neighbourhood_size=5,shrinkage=10.0",val,mean_popularity,5.0,122.22893518518518,864,0,20260903,20260905T070000,1788571855
item_knn,"centering=item,neighbourhood_size=5,shrinkage=10.0",val,popularity_percentile,5.0,0.753882829780225,864,0,20260903,20260905T070000,1788571855
item_knn,"centering=item,neighbourhood_size=5,shrinkage=10.0",val,gini,5.0,0.8915443856554968,864,0,20260903,20260905T070000,1788571855
item_knn,"centering=item,neighbourhood_size=5,shrinkage=10.0",val,precision_at_k,10.0,0.019328703703703702,864,0,20260903,20260905T070000,1788571855
item_knn,"centering=item,neighbourhood_size=5,shrinkage=10.0",val,recall_at_k,10.0,0.028376320580972454,864,0,20260903,20260905T070000,1788571855
item_knn,"centering=item,neighbourhood_size=5,shrinkage=10.0",val,coverage,10.0,0.4577777777777778,864,0,20260903,20260905T070000,1788571855
item_knn,"centering=item,neighbourhood_size=5,shrinkage=10.0",val,mean_popularity,10.0,111.96018518518518,864,0,20260903,20260905T070000,1788571855
item_knn,"centering=item,neighbourhood_size=5,shrinkage=10.0",val,popularity_percentile,10.0,0.7372341051343593,864,0,20260903,20260905T070000,1788571855
item_knn,"centering=item,neighbourhood_size=5,shrinkage=10.0",val,gini,10.0,0.8594926513815403,864,0,20260903,20260905T070000,1788571855
item_knn,"centering=item,neighbourhood_size=5,shrinkage=10.0",val,precision_at_k,20.0,0.01765046296296296,864,0,20260903,20260905T070000,1788571855
item_knn,"centering=item,neighbourhood_size=5,shrinkage=10.0",val,recall_at_k,20.0,0.05421740797657931,864,0,20260903,20260905T070000,1788571855
item_knn,"centering=item,neighbourhood_size=5,shrinkage=10.0",val,coverage,20.0,0.5885714285714285,864,0,20260903,20260905T070000,1788571855
item_knn,"centering=item,neighbourhood_size=5,shrinkage=10.0",val,mean_popularity,20.0,103.18460648148148,864,0,20260903,20260905T070000,1788571855
item_knn,"centering=item,neighbourhood_size=5,shrinkage=10.0",val,popularity_percentile,20.0,0.7194460989340674,864,0,20260903,20260905T070000,1788571855
item_knn,"centering=item,neighbourhood_size=5,shrinkage=10.0",val,gini,20.0,0.8233574368018812,864,0,20260903,20260905T070000,1788571855
item_knn,"centering=user,neighbourhood_size=5,shrinkage=10.0",val,rmse,,1.0942221362100915,943,9988,20260903,20260905T070000,1788571875
item_knn,"centering=user,neighbourhood_size=5,shrinkage=10.0",val,mae,,0.8572306280124004,943,9988,20260903,20260905T070000,1788571875
item_knn,"centering=user,neighbourhood_size=5,shrinkage=10.0",val,precision_at_k,5.0,0.03009259259259259,864,0,20260903,20260905T070000,1788571875
item_knn,"centering=user,neighbourhood_size=5,shrinkage=10.0",val,recall_at_k,5.0,0.022349281100175006,864,0,20260903,20260905T070000,1788571875
item_knn,"centering=user,neighbourhood_size=5,shrinkage=10.0",val,coverage,5.0,0.26476190476190475,864,0,20260903,20260905T070000,1788571875
item_knn,"centering=user,neighbourhood_size=5,shrinkage=10.0",val,mean_popularity,5.0,150.52777777777777,864,0,20260903,20260905T070000,1788571875
item_knn,"centering=user,neighbourhood_size=5,shrinkage=10.0",val,popularity_percentile,5.0,0.8240140712504118,864,0,20260903,20260905T070000,1788571875
item_knn,"centering=user,neighbourhood_size=5,shrinkage=10.0",val,gini,5.0,0.9309444444444445,864,0,20260903,20260905T070000,1788571875
item_knn,"centering=user,neighbourhood_size=5,shrinkage=10.0",val,precision_at_k,10.0,0.02638888888888889,864,0,20260903,20260905T070000,1788571875
item_knn,"centering=user,neighbourhood_size=5,shrinkage=10.0",val,recall_at_k,10.0,0.03838712973771527,864,0,20260903,20260905T070000,1788571875
item_knn,"centering=user,neighbourhood_size=5,shrinkage=10.0",val,coverage,10.0,0.38666666666666666,864,0,20260903,20260905T070000,1788571875
item_knn,"centering=user,neighbourhood_size=5,shrinkage=10.0",val,mean_popularity,10.0,140.74780092592593,864,0,20260903,20260905T070000,1788571875
item_knn,"centering=user,neighbourhood_size=5,shrinkage=10.0",val,popularity_percentile,10.0,0.8054065779566097,864,0,20260903,20260905T070000,1788571875
item_knn,"centering=user,neighbourhood_size=5,shrinkage=10.0",val,gini,10.0,0.9057854203409759,864,0,20260903,20260905T070000,1788571875
item_knn,"centering=user,neighbourhood_size=5,shrinkage=10.0",val,precision_at_k,20.0,0.021238425925925928,864,0,20260903,20260905T070000,1788571875
item_knn,"centering=user,neighbourhood_size=5,shrinkage=10.0",val,recall_at_k,20.0,0.06705062715535269,864,0,20260903,20260905T070000,1788571875
item_knn,"centering=user,neighbourhood_size=5,shrinkage=10.0",val,coverage,20.0,0.525079365079365,864,0,20260903,20260905T070000,1788571875
item_knn,"centering=user,neighbourhood_size=5,shrinkage=10.0",val,mean_popularity,20.0,128.6486111111111,864,0,20260903,20260905T070000,1788571875
item_knn,"centering=user,neighbourhood_size=5,shrinkage=10.0",val,popularity_percentile,20.0,0.7829173946421009,864,0,20260903,20260905T070000,1788571875
item_knn,"centering=user,neighbourhood_size=5,shrinkage=10.0",val,gini,20.0,0.8761639476778366,864,0,20260903,20260905T070000,1788571875
item_knn,"centering=item,neighbourhood_size=5,shrinkage=50.0",val,rmse,,1.002154837264483,943,9988,20260903,20260905T070000,1788571893
item_knn,"centering=item,neighbourhood_size=5,shrinkage=50.0",val,mae,,0.7825292105530438,943,9988,20260903,20260905T070000,1788571893
item_knn,"centering=item,neighbourhood_size=5,shrinkage=50.0",val,precision_at_k,5.0,0.02361111111111111,864,0,20260903,20260905T070000,1788571893
item_knn,"centering=item,neighbourhood_size=5,shrinkage=50.0",val,recall_at_k,5.0,0.01660013844055315,864,0,20260903,20260905T070000,1788571893
item_knn,"centering=item,neighbourhood_size=5,shrinkage=50.0",val,coverage,5.0,0.32317460317460317,864,0,20260903,20260905T070000,1788571893
item_knn,"centering=item,neighbourhood_size=5,shrinkage=50.0",val,mean_popularity,5.0,118.61018518518519,864,0,20260903,20260905T070000,1788571893
item_knn,"centering=item,neighbourhood_size=5,shrinkage=50.0",val,popularity_percentile,5.0,0.740901924796461,864,0,20260903,20260905T070000,1788571893
item_knn,"centering=item,neighbourhood_size=5,shrinkage=50.0",val,gini,5.0,0.8925179306290417,864,0,20260903,20260905T070000,1788571893
item_knn,"centering=item,neighbourhood_size=5,shrinkage=50.0",val,precision_at_k,10.0,0.019675925925925927,864,0,20260903,20260905T070000,1788571893
item_knn,"centering=item,neighbourhood_size=5,shrinkage=50.0",val,recall_at_k,10.0,0.02948480657854749,864,0,20260903,20260905T070000,1788571893
item_knn,"centering=item,neighbourhood_size=5,shrinkage=50.0",val,coverage,10.0,0.4514285714285714,864,0,20260903,20260905T070000,1788571893
item_knn,"centering=item,neighbourhood_size=5,shrinkage=50.0",val,mean_popularity,10.0,109.94976851851852,864,0,20260903,20260905T070000,1788571893
item_knn,"centering=item,neighbourhood_size=5,shrinkage=50.0",val,popularity_percentile,10.0,0.728015068356158,864,0,20260903,20260905T070000,1788571893
item_knn,"centering=item,neighbourhood_size=5,shrinkage=50.0",val,gini,10.0,0.8616261022927689,864,0,20260903,20260905T070000,1788571893
item_knn,"centering=item,neighbourhood_size=5,shrinkage=50.0",val,precision_at_k,20.0,0.017361111111111112,864,0,20260903,20260905T070000,1788571893
item_knn,"centering=item,neighbourhood_size=5,shrinkage=50.0",val,recall_at_k,20.0,0.05397848156207775,864,0,20260903,20260905T070000,1788571893
item_knn,"centering=item,neighbourhood_size=5,shrinkage=50.0",val,coverage,20.0,0.5828571428571429,864,0,20260903,20260905T070000,1788571893
item_knn,"centering=item,neighbourhood_size=5,shrinkage=50.0",val,mean_popularity,20.0,100.68715277777778,864,0,20260903,20260905T070000,1788571893
item_knn,"centering=item,neighbourhood_size=5,shrinkage=50.0",val,popularity_percentile,20.0,0.7081173305214363,864,0,20260903,20260905T070000,1788571893
item_knn,"centering=item,neighbourhood_size=5,shrinkage=50.0",val,gini,20.0,0.8228004850088183,864,0,20260903,20260905T070000,1788571893
item_knn,"centering=user,neighbourhood_size=5,shrinkage=50.0",val,rmse,,1.1025574624391035,943,9988,20260903,20260905T070000,1788571912
item_knn,"centering=user,neighbourhood_size=5,shrinkage=50.0",val,mae,,0.8606436193979925,943,9988,20260903,20260905T070000,1788571912
item_knn,"centering=user,neighbourhood_size=5,shrinkage=50.0",val,precision_at_k,5.0,0.03263888888888889,864,0,20260903,20260905T070000,1788571912
item_knn,"centering=user,neighbourhood_size=5,shrinkage=50.0",val,recall_at_k,5.0,0.023412926765885734,864,0,20260903,20260905T070000,1788571912
item_knn,"centering=user,neighbourhood_size=5,shrinkage=50.0",val,coverage,5.0,0.2780952380952381,864,0,20260903,20260905T070000,1788571912
item_knn,"centering=user,neighbourhood_size=5,shrinkage=50.0",val,mean_popularity,5.0,147.24421296296296,864,0,20260903,20260905T070000,1788571912
item_knn,"centering=user,neighbourhood_size=5,shrinkage=50.0",val,popularity_percentile,5.0,0.8200918278507224,864,0,20260903,20260905T070000,1788571912
item_knn,"centering=user,neighbourhood_size=5,shrinkage=50.0",val,gini,5.0,0.929375367430923,864,0,20260903,20260905T070000,1788571912
item_knn,"centering=user,neighbourhood_size=5,shrinkage=50.0",val,precision_at_k,10.0,0.027777777777777776,864,0,20260903,20260905T070000,1788571912
item_knn,"centering=user,neighbourhood_size=5,shrinkage=50.0",val,recall_at_k,10.0,0.041718716786994736,864,0,20260903,20260905T070000,1788571912
item_knn,"centering=user,neighbourhood_size=5,shrinkage=50.0",val,coverage,10.0,0.39174603174603173,864,0,20260903,20260905T070000,1788571912
item_knn,"centering=user,neighbourhood_size=5,shrinkage=50.0",val,mean_popularity,10.0,138.42407407407407,864,0,20260903,20260905T070000,1788571912
item_knn,"centering=user,neighbourhood_size=5,shrinkage=50.0",val,popularity_percentile,10.0,0.8042478469575038,864,0,20260903,20260905T070000,1788571912
item_knn,"centering=user,neighbourhood_size=5,shrinkage=50.0",val,gini,10.0,0.9043835978835979,864,0,20260903,20260905T070000,1788571912
item_knn,"centering=user,neighbourhood_size=5,shrinkage=50.0",val,precision_at_k,20.0,0.021643518518518517,864,0,20260903,20260905T070000,1788571912
item_knn,"centering=user,neighbourhood_size=5,shrinkage=50.0",val,recall_at_k,20.0,0.06757218238442156,864,0,20260903,20260905T070000,1788571912
item_knn,"centering=user,neighbourhood_size=5,shrinkage=50.0",val,coverage,20.0,0.5371428571428571,864,0,20260903,20260905T070000,1788571912
item_knn,"centering=user,neighbourhood_size=5,shrinkage=50.0",val,mean_popularity,20.0,127.15451388888889,864,0,20260903,20260905T070000,1788571912
item_knn,"centering=user,neighbourhood_size=5,shrinkage=50.0",val,popularity_percentile,20.0,0.7824865655442609,864,0,20260903,20260905T070000,1788571912
item_knn,"centering=user,neighbourhood_size=5,shrinkage=50.0",val,gini,20.0,0.8733794091710758,864,0,20260903,20260905T070000,1788571912
item_knn,"centering=item,neighbourhood_size=5,shrinkage=100.0",val,rmse,,1.0027941434855323,943,9988,20260903,20260905T070000,1788571930
item_knn,"centering=item,neighbourhood_size=5,shrinkage=100.0",val,mae,,0.7830804674130435,943,9988,20260903,20260905T070000,1788571930
item_knn,"centering=item,neighbourhood_size=5,shrinkage=100.0",val,precision_at_k,5.0,0.02152777777777778,864,0,20260903,20260905T070000,1788571930
item_knn,"centering=item,neighbourhood_size=5,shrinkage=100.0",val,recall_at_k,5.0,0.01575246008639797,864,0,20260903,20260905T070000,1788571930
item_knn,"centering=item,neighbourhood_size=5,shrinkage=100.0",val,coverage,5.0,0.32761904761904764,864,0,20260903,20260905T070000,1788571930
item_knn,"centering=item,neighbourhood_size=5,shrinkage=100.0",val,mean_popularity,5.0,117.85601851851852,864,0,20260903,20260905T070000,1788571930
item_knn,"centering=item,neighbourhood_size=5,shrinkage=100.0",val,popularity_percentile,5.0,0.7373424925878865,864,0,20260903,20260905T070000,1788571930
item_knn,"centering=item,neighbourhood_size=5,shrinkage=100.0",val,gini,5.0,0.8918192239858906,864,0,20260903,20260905T070000,1788571930
item_knn,"centering=item,neighbourhood_size=5,shrinkage=100.0",val,precision_at_k,10.0,0.01979166666666667,864,0,20260903,20260905T070000,1788571930
item_knn,"centering=item,neighbourhood_size=5,shrinkage=100.0",val,recall_at_k,10.0,0.030521402390819477,864,0,20260903,20260905T070000,1788571930
item_knn,"centering=item,neighbourhood_size=5,shrinkage=100.0",val,coverage,10.0,0.4526984126984127,864,0,20260903,20260905T070000,1788571930
item_knn,"centering=item,neighbourhood_size=5,shrinkage=100.0",val,mean_popularity,10.0,109.35902777777778,864,0,20260903,20260905T070000,1788571930
item_knn,"centering=item,neighbourhood_size=5,shrinkage=100.0",val,popularity_percentile,10.0,0.7253116323121087,864,0,20260903,20260905T070000,1788571930
item_knn,"centering=item,neighbourhood_size=5,shrinkage=100.0",val,gini,10.0,0.8616685773074662,864,0,20260903,20260905T070000,1788571930
item_knn,"centering=item,neighbourhood_size=5,shrinkage=100.0",val,precision_at_k,20.0,0.017013888888888887,864,0,20260903,20260905T070000,1788571930
item_knn,"centering=item,neighbourhood_size=5,shrinkage=100.0",val,recall_at_k,20.0,0.052649573823471456,864,0,20260903,20260905T070000,1788571930
item_knn,"centering=item,neighbourhood_size=5,shrinkage=100.0",val,coverage,20.0,0.5853968253968254,864,0,20260903,20260905T070000,1788571930
item_knn,"centering=item,neighbourhood_size=5,shrinkage=100.0",val,mean_popularity,20.0,99.42216435185185,864,0,20260903,20260905T070000,1788571930
item_knn,"centering=item,neighbourhood_size=5,shrinkage=100.0",val,popularity_percentile,20.0,0.7036500982399171,864,0,20260903,20260905T070000,1788571930
item_knn,"centering=item,neighbourhood_size=5,shrinkage=100.0",val,gini,20.0,0.8227369929453263,864,0,20260903,20260905T070000,1788571930
item_knn,"centering=user,neighbourhood_size=5,shrinkage=100.0",val,rmse,,1.1060925179689194,943,9988,20260903,20260905T070000,1788571949
item_knn,"centering=user,neighbourhood_size=5,shrinkage=100.0",val,mae,,0.861980862821491,943,9988,20260903,20260905T070000,1788571949
item_knn,"centering=user,neighbourhood_size=5,shrinkage=100.0",val,precision_at_k,5.0,0.029861111111111113,864,0,20260903,20260905T070000,1788571949
item_knn,"centering=user,neighbourhood_size=5,shrinkage=100.0",val,recall_at_k,5.0,0.021898334105459737,864,0,20260903,20260905T070000,1788571949
item_knn,"centering=user,neighbourhood_size=5,shrinkage=100.0",val,coverage,5.0,0.2768253968253968,864,0,20260903,20260905T070000,1788571949
item_knn,"centering=user,neighbourhood_size=5,shrinkage=100.0",val,mean_popularity,5.0,146.51041666666666,864,0,20260903,20260905T070000,1788571949
item_knn,"centering=user,neighbourhood_size=5,shrinkage=100.0",val,popularity_percentile,5.0,0.8187124982352111,864,0,20260903,20260905T070000,1788571949
item_knn,"centering=user,neighbourhood_size=5,shrinkage=100.0",val,gini,5.0,0.9291907701352146,864,0,20260903,20260905T070000,1788571949
item_knn,"centering=user,neighbourhood_size=5,shrinkage=100.0",val,precision_at_k,10.0,0.026273148148148146,864,0,20260903,20260905T070000,1788571949
item_knn,"centering=user,neighbourhood_size=5,shrinkage=100.0",val,recall_at_k,10.0,0.03983256881851855,864,0,20260903,20260905T070000,1788571949
item_knn,"centering=user,neighbourhood_size=5,shrinkage=100.0",val,coverage,10.0,0.38857142857142857,864,0,20260903,20260905T070000,1788571949
item_knn,"centering=user,neighbourhood_size=5,shrinkage=100.0",val,mean_popularity,10.0,137.3258101851852,864,0,20260903,20260905T070000,1788571949
item_knn,"centering=user,neighbourhood_size=5,shrinkage=100.0",val,popularity_percentile,10.0,0.8029232993317332,864,0,20260903,20260905T070000,1788571949
item_knn,"centering=user,neighbourhood_size=5,shrinkage=100.0",val,gini,10.0,0.9043408289241622,864,0,20260903,20260905T070000,1788571949
item_knn,"centering=user,neighbourhood_size=5,shrinkage=100.0",val,precision_at_k,20.0,0.021122685185185185,864,0,20260903,20260905T070000,1788571949
item_knn,"centering=user,neighbourhood_size=5,shrinkage=100.0",val,recall_at_k,20.0,0.06562193254491733,864,0,20260903,20260905T070000,1788571949
item_knn,"centering=user,neighbourhood_size=5,shrinkage=100.0",val,coverage,20.0,0.5358730158730158,864,0,20260903,20260905T070000,1788571949
item_knn,"centering=user,neighbourhood_size=5,shrinkage=100.0",val,mean_popularity,20.0,126.71302083333333,864,0,20260903,20260905T070000,1788571949
item_knn,"centering=user,neighbourhood_size=5,shrinkage=100.0",val,popularity_percentile,20.0,0.7823820753329568,864,0,20260903,20260905T070000,1788571949
item_knn,"centering=user,neighbourhood_size=5,shrinkage=100.0",val,gini,20.0,0.8728008524397414,864,0,20260903,20260905T070000,1788571949
item_knn,"centering=item,neighbourhood_size=10,shrinkage=0.0",val,rmse,,0.9755847804336775,943,9988,20260903,20260905T070000,1788571968
item_knn,"centering=item,neighbourhood_size=10,shrinkage=0.0",val,mae,,0.7647109049023311,943,9988,20260903,20260905T070000,1788571968
item_knn,"centering=item,neighbourhood_size=10,shrinkage=0.0",val,precision_at_k,5.0,0.024537037037037038,864,0,20260903,20260905T070000,1788571968
item_knn,"centering=item,neighbourhood_size=10,shrinkage=0.0",val,recall_at_k,5.0,0.020624548669439413,864,0,20260903,20260905T070000,1788571968
item_knn,"centering=item,neighbourhood_size=10,shrinkage=0.0",val,coverage,5.0,0.28444444444444444,864,0,20260903,20260905T070000,1788571968
item_knn,"centering=item,neighbourhood_size=10,shrinkage=0.0",val,mean_popularity,5.0,119.19953703703703,864,0,20260903,20260905T070000,1788571968
item_knn,"centering=item,neighbourhood_size=10,shrinkage=0.0",val,popularity_percentile,5.0,0.735216068991482,864,0,20260903,20260905T070000,1788571968
item_knn,"centering=item,neighbourhood_size=10,shrinkage=0.0",val,gini,5.0,0.9132692533803645,864,0,20260903,20260905T070000,1788571968
item_knn,"centering=item,neighbourhood_size=10,shrinkage=0.0",val,precision_at_k,10.0,0.021064814814814817,864,0,20260903,20260905T070000,1788571968
item_knn,"centering=item,neighbourhood_size=10,shrinkage=0.0",val,recall_at_k,10.0,0.03490262509823322,864,0,20260903,20260905T070000,1788571968
item_knn,"centering=item,neighbourhood_size=10,shrinkage=0.0",val,coverage,10.0,0.3765079365079365,864,0,20260903,20260905T070000,1788571968
item_knn,"centering=item,neighbourhood_size=10,shrinkage=0.0",val,mean_popularity,10.0,113.89120370370371,864,0,20260903,20260905T070000,1788571968
item_knn,"centering=item,neighbourhood_size=10,shrinkage=0.0",val,popularity_percentile,10.0,0.7310405783801589,864,0,20260903,20260905T070000,1788571968
item_knn,"centering=item,neighbourhood_size=10,shrinkage=0.0",val,gini,10.0,0.8910277777777778,864,0,20260903,20260905T070000,1788571968
item_knn,"centering=item,neighbourhood_size=10,shrinkage=0.0",val,precision_at_k,20.0,0.017476851851851855,864,0,20260903,20260905T070000,1788571968
item_knn,"centering=item,neighbourhood_size=10,shrinkage=0.0",val,recall_at_k,20.0,0.055330731079257824,864,0,20260903,20260905T070000,1788571968
item_knn,"centering=item,neighbourhood_size=10,shrinkage=0.0",val,coverage,20.0,0.4990476190476191,864,0,20260903,20260905T070000,1788571968
item_knn,"centering=item,neighbourhood_size=10,shrinkage=0.0",val,mean_popularity,20.0,106.74728009259259,864,0,20260903,20260905T070000,1788571968
item_knn,"centering=item,neighbourhood_size=10,shrinkage=0.0",val,popularity_percentile,20.0,0.721515424255259,864,0,20260903,20260905T070000,1788571968
item_knn,"centering=item,neighbourhood_size=10,shrinkage=0.0",val,gini,20.0,0.8607907848324515,864,0,20260903,20260905T070000,1788571968
item_knn,"centering=user,neighbourhood_size=10,shrinkage=0.0",val,rmse,,1.0547883976804007,943,9988,20260903,20260905T070000,1788571988
item_knn,"centering=user,neighbourhood_size=10,shrinkage=0.0",val,mae,,0.8353547465833914,943,9988,20260903,20260905T070000,1788571988
item_knn,"centering=user,neighbourhood_size=10,shrinkage=0.0",val,precision_at_k,5.0,0.031712962962962964,864,0,20260903,20260905T070000,1788571988
item_knn,"centering=user,neighbourhood_size=10,shrinkage=0.0",val,recall_at_k,5.0,0.02115193003303227,864,0,20260903,20260905T070000,1788571988
item_knn,"centering=user,neighbourhood_size=10,shrinkage=0.0",val,coverage,5.0,0.26095238095238094,864,0,20260903,20260905T070000,1788571988
item_knn,"centering=user,neighbourhood_size=10,shrinkage=0.0",val,mean_popularity,5.0,149.49953703703704,864,0,20260903,20260905T070000,1788571988
item_knn,"centering=user,neighbourhood_size=10,shrinkage=0.0",val,popularity_percentile,5.0,0.7898484928702527,864,0,20260903,20260905T070000,1788571988
item_knn,"centering=user,neighbourhood_size=10,shrinkage=0.0",val,gini,5.0,0.9353071722516167,864,0,20260903,20260905T070000,1788571988
item_knn,"centering=user,neighbourhood_size=10,shrinkage=0.0",val,precision_at_k,10.0,0.02453703703703704,864,0,20260903,20260905T070000,1788571988
item_knn,"centering=user,neighbourhood_size=10,shrinkage=0.0",val,recall_at_k,10.0,0.03669908738892626,864,0,20260903,20260905T070000,1788571988
item_knn,"centering=user,neighbourhood_size=10,shrinkage=0.0",val,coverage,10.0,0.36,864,0,20260903,20260905T070000,1788571988
item_knn,"centering=user,neighbourhood_size=10,shrinkage=0.0",val,mean_popularity,10.0,142.47326388888888,864,0,20260903,20260905T070000,1788571988
item_knn,"centering=user,neighbourhood_size=10,shrinkage=0.0",val,popularity_percentile,10.0,0.7814222139865404,864,0,20260903,20260905T070000,1788571988
item_knn,"centering=user,neighbourhood_size=10,shrinkage=0.0",val,gini,10.0,0.9186751910640799,864,0,20260903,20260905T070000,1788571988
item_knn,"centering=user,neighbourhood_size=10,shrinkage=0.0",val,precision_at_k,20.0,0.022800925925925926,864,0,20260903,20260905T070000,1788571988
item_knn,"centering=user,neighbourhood_size=10,shrinkage=0.0",val,recall_at_k,20.0,0.07011209903089533,864,0,20260903,20260905T070000,1788571988
item_knn,"centering=user,neighbourhood_size=10,shrinkage=0.0",val,coverage,20.0,0.49714285714285716,864,0,20260903,20260905T070000,1788571988
item_knn,"centering=user,neighbourhood_size=10,shrinkage=0.0",val,mean_popularity,20.0,131.99184027777778,864,0,20260903,20260905T070000,1788571988
item_knn,"centering=user,neighbourhood_size=10,shrinkage=0.0",val,popularity_percentile,20.0,0.769164026836557,864,0,20260903,20260905T070000,1788571988
item_knn,"centering=user,neighbourhood_size=10,shrinkage=0.0",val,gini,20.0,0.8948593474426808,864,0,20260903,20260905T070000,1788571988
item_knn,"centering=item,neighbourhood_size=10,shrinkage=10.0",val,rmse,,0.973946074794951,943,9988,20260903,20260905T070000,1788572007
item_knn,"centering=item,neighbourhood_size=10,shrinkage=10.0",val,mae,,0.7628787492085103,943,9988,20260903,20260905T070000,1788572007
item_knn,"centering=item,neighbourhood_size=10,shrinkage=10.0",val,precision_at_k,5.0,0.02337962962962963,864,0,20260903,20260905T070000,1788572007
item_knn,"centering=item,neighbourhood_size=10,shrinkage=10.0",val,recall_at_k,5.0,0.015206766257861494,864,0,20260903,20260905T070000,1788572007
item_knn,"centering=item,neighbourhood_size=10,shrinkage=10.0",val,coverage,5.0,0.28253968253968254,864,0,20260903,20260905T070000,1788572007
item_knn,"centering=item,neighbourhood_size=10,shrinkage=10.0",val,mean_popularity,5.0,114.88125,864,0,20260903,20260905T070000,1788572007
item_knn,"centering=item,neighbourhood_size=10,shrinkage=10.0",val,popularity_percentile,5.0,0.7126867734952232,864,0,20260903,20260905T070000,1788572007
item_knn,"centering=item,neighbourhood_size=10,shrinkage=10.0",val,gini,5.0,0.9120320399764844,864,0,20260903,20260905T070000,1788572007
item_knn,"centering=item,neighbourhood_size=10,shrinkage=10.0",val,precision_at_k,10.0,0.021064814814814817,864,0,20260903,20260905T070000,1788572007
item_knn,"centering=item,neighbourhood_size=10,shrinkage=10.0",val,recall_at_k,10.0,0.03265799128761593,864,0,20260903,20260905T070000,1788572007
item_knn,"centering=item,neighbourhood_size=10,shrinkage=10.0",val,coverage,10.0,0.3879365079365079,864,0,20260903,20260905T070000,1788572007
item_knn,"centering=item,neighbourhood_size=10,shrinkage=10.0",val,mean_popularity,10.0,110.18622685185186,864,0,20260903,20260905T070000,1788572007
item_knn,"centering=item,neighbourhood_size=10,shrinkage=10.0",val,popularity_percentile,10.0,0.7123133000376488,864,0,20260903,20260905T070000,1788572007
item_knn,"centering=item,neighbourhood_size=10,shrinkage=10.0",val,gini,10.0,0.8881771017048795,864,0,20260903,20260905T070000,1788572007
item_knn,"centering=item,neighbourhood_size=10,shrinkage=10.0",val,precision_at_k,20.0,0.017939814814814815,864,0,20260903,20260905T070000,1788572007
item_knn,"centering=item,neighbourhood_size=10,shrinkage=10.0",val,recall_at_k,20.0,0.05382697327624878,864,0,20260903,20260905T070000,1788572007
item_knn,"centering=item,neighbourhood_size=10,shrinkage=10.0",val,coverage,20.0,0.5174603174603175,864,0,20260903,20260905T070000,1788572007
item_knn,"centering=item,neighbourhood_size=10,shrinkage=10.0",val,mean_popularity,20.0,103.74641203703703,864,0,20260903,20260905T070000,1788572007
item_knn,"centering=item,neighbourhood_size=10,shrinkage=10.0",val,popularity_percentile,20.0,0.7039484211021695,864,0,20260903,20260905T070000,1788572007
item_knn,"centering=item,neighbourhood_size=10,shrinkage=10.0",val,gini,20.0,0.8559604644326867,864,0,20260903,20260905T070000,1788572007
item_knn,"centering=user,neighbourhood_size=10,shrinkage=10.0",val,rmse,,1.069187992710527,943,9988,20260903,20260905T070000,1788572030
item_knn,"centering=user,neighbourhood_size=10,shrinkage=10.0",val,mae,,0.8404454359026327,943,9988,20260903,20260905T070000,1788572030
item_knn,"centering=user,neighbourhood_size=10,shrinkage=10.0",val,precision_at_k,5.0,0.02916666666666667,864,0,20260903,20260905T070000,1788572030
item_knn,"centering=user,neighbourhood_size=10,shrinkage=10.0",val,recall_at_k,5.0,0.02059547875472427,864,0,20260903,20260905T070000,1788572030
item_knn,"centering=user,neighbourhood_size=10,shrinkage=10.0",val,coverage,5.0,0.2653968253968254,864,0,20260903,20260905T070000,1788572030
item_knn,"centering=user,neighbourhood_size=10,shrinkage=10.0",val,mean_popularity,5.0,142.4351851851852,864,0,20260903,20260905T070000,1788572030
item_knn,"centering=user,neighbourhood_size=10,shrinkage=10.0",val,popularity_percentile,5.0,0.7826583015671325,864,0,20260903,20260905T070000,1788572030
item_knn,"centering=user,neighbourhood_size=10,shrinkage=10.0",val,gini,5.0,0.9335667254556144,864,0,20260903,20260905T070000,1788572030
item_knn,"centering=user,neighbourhood_size=10,shrinkage=10.0",val,precision_at_k,10.0,0.025231481481481483,864,0,20260903,20260905T070000,1788572030
item_knn,"centering=user,neighbourhood_size=10,shrinkage=10.0",val,recall_at_k,10.0,0.03663180100342182,864,0,20260903,20260905T070000,1788572030
item_knn,"centering=user,neighbourhood_size=10,shrinkage=10.0",val,coverage,10.0,0.37714285714285717,864,0,20260903,20260905T070000,1788572030
item_knn,"centering=user,neighbourhood_size=10,shrinkage=10.0",val,mean_popularity,10.0,137.51099537037038,864,0,20260903,20260905T070000,1788572030
item_knn,"centering=user,neighbourhood_size=10,shrinkage=10.0",val,popularity_percentile,10.0,0.777232237399407,864,0,20260903,20260905T070000,1788572030
item_knn,"centering=user,neighbourhood_size=10,shrinkage=10.0",val,gini,10.0,0.9140110229276895,864,0,20260903,20260905T070000,1788572030
item_knn,"centering=user,neighbourhood_size=10,shrinkage=10.0",val,precision_at_k,20.0,0.022164351851851852,864,0,20260903,20260905T070000,1788572030
item_knn,"centering=user,neighbourhood_size=10,shrinkage=10.0",val,recall_at_k,20.0,0.0674186658355393,864,0,20260903,20260905T070000,1788572030
item_knn,"centering=user,neighbourhood_size=10,shrinkage=10.0",val,coverage,20.0,0.5142857142857142,864,0,20260903,20260905T070000,1788572030
item_knn,"centering=user,neighbourhood_size=10,shrinkage=10.0",val,mean_popularity,20.0,127.88003472222222,864,0,20260903,20260905T070000,1788572030
item_knn,"centering=user,neighbourhood_size=10,shrinkage=10.0",val,popularity_percentile,20.0,0.7644741002517765,864,0,20260903,20260905T070000,1788572030
item_knn,"centering=user,neighbourhood_size=10,shrinkage=10.0",val,gini,20.0,0.888639035861258,864,0,20260903,20260905T070000,1788572030
item_knn,"centering=item,neighbourhood_size=10,shrinkage=50.0",val,rmse,,0.9763817354155077,943,9988,20260903,20260905T070000,1788572050
item_knn,"centering=item,neighbourhood_size=10,shrinkage=50.0",val,mae,,0.7652294672050467,943,9988,20260903,20260905T070000,1788572050
item_knn,"centering=item,neighbourhood_size=10,shrinkage=50.0",val,precision_at_k,5.0,0.024074074074074074,864,0,20260903,20260905T070000,1788572050
item_knn,"centering=item,neighbourhood_size=10,shrinkage=50.0",val,recall_at_k,5.0,0.017517742369550324,864,0,20260903,20260905T070000,1788572050
item_knn,"centering=item,neighbourhood_size=10,shrinkage=50.0",val,coverage,5.0,0.28444444444444444,864,0,20260903,20260905T070000,1788572050
item_knn,"centering=item,neighbourhood_size=10,shrinkage=50.0",val,mean_popularity,5.0,113.0949074074074,864,0,20260903,20260905T070000,1788572050
item_knn,"centering=item,neighbourhood_size=10,shrinkage=50.0",val,popularity_percentile,5.0,0.7046294825638852,864,0,20260903,20260905T070000,1788572050
item_knn,"centering=item,neighbourhood_size=10,shrinkage=50.0",val,gini,5.0,0.9111998824221046,864,0,20260903,20260905T070000,1788572050
item_knn,"centering=item,neighbourhood_size=10,shrinkage=50.0",val,precision_at_k,10.0,0.021180555555555557,864,0,20260903,20260905T070000,1788572050
item_knn,"centering=item,neighbourhood_size=10,shrinkage=50.0",val,recall_at_k,10.0,0.030943900078404665,864,0,20260903,20260905T070000,1788572050
item_knn,"centering=item,neighbourhood_size=10,shrinkage=50.0",val,coverage,10.0,0.39174603174603173,864,0,20260903,20260905T070000,1788572050
item_knn,"centering=item,neighbourhood_size=10,shrinkage=50.0",val,mean_popularity,10.0,107.82002314814815,864,0,20260903,20260905T070000,1788572050
item_knn,"centering=item,neighbourhood_size=10,shrinkage=50.0",val,popularity_percentile,10.0,0.7052183338039437,864,0,20260903,20260905T070000,1788572050
item_knn,"centering=item,neighbourhood_size=10,shrinkage=50.0",val,gini,10.0,0.8879685479129924,864,0,20260903,20260905T070000,1788572050
item_knn,"centering=item,neighbourhood_size=10,shrinkage=50.0",val,precision_at_k,20.0,0.0171875,864,0,20260903,20260905T070000,1788572050
item_knn,"centering=item,neighbourhood_size=10,shrinkage=50.0",val,recall_at_k,20.0,0.05019425907289139,864,0,20260903,20260905T070000,1788572050
item_knn,"centering=item,neighbourhood_size=10,shrinkage=50.0",val,coverage,20.0,0.5161904761904762,864,0,20260903,20260905T070000,1788572050
item_knn,"centering=item,neighbourhood_size=10,shrinkage=50.0",val,mean_popularity,20.0,101.61359953703703,864,0,20260903,20260905T070000,1788572050
item_knn,"centering=item,neighbourhood_size=10,shrinkage=50.0",val,popularity_percentile,20.0,0.6966368637935904,864,0,20260903,20260905T070000,1788572050
item_knn,"centering=item,neighbourhood_size=10,shrinkage=50.0",val,gini,20.0,0.855061875367431,864,0,20260903,20260905T070000,1788572050
item_knn,"centering=user,neighbourhood_size=10,shrinkage=50.0",val,rmse,,1.0769770834576706,943,9988,20260903,20260905T070000,1788572069
item_knn,"centering=user,neighbourhood_size=10,shrinkage=50.0",val,mae,,0.8434582869184231,943,9988,20260903,20260905T070000,1788572069
item_knn,"centering=user,neighbourhood_size=10,shrinkage=50.0",val,precision_at_k,5.0,0.028240740740740743,864,0,20260903,20260905T070000,1788572069
item_knn,"centering=user,neighbourhood_size=10,shrinkage=50.0",val,recall_at_k,5.0,0.019665174330496235,864,0,20260903,20260905T070000,1788572069
item_knn,"centering=user,neighbourhood_size=10,shrinkage=50.0",val,coverage,5.0,0.26285714285714284,864,0,20260903,20260905T070000,1788572069
item_knn,"centering=user,neighbourhood_size=10,shrinkage=50.0",val,mean_popularity,5.0,140.36180555555555,864,0,20260903,20260905T070000,1788572069
item_knn,"centering=user,neighbourhood_size=10,shrinkage=50.0",val,popularity_percentile,5.0,0.7841145465668973,864,0,20260903,20260905T070000,1788572069
item_knn,"centering=user,neighbourhood_size=10,shrinkage=50.0",val,gini,5.0,0.9331308054085832,864,0,20260903,20260905T070000,1788572069
item_knn,"centering=user,neighbourhood_size=10,shrinkage=50.0",val,precision_at_k,10.0,0.025115740740740744,864,0,20260903,20260905T070000,1788572069
item_knn,"centering=user,neighbourhood_size=10,shrinkage=50.0",val,recall_at_k,10.0,0.03627604729483712,864,0,20260903,20260905T070000,1788572069
item_knn,"centering=user,neighbourhood_size=10,shrinkage=50.0",val,coverage,10.0,0.37714285714285717,864,0,20260903,20260905T070000,1788572069
item_knn,"centering=user,neighbourhood_size=10,shrinkage=50.0",val,mean_popularity,10.0,135.3056712962963,864,0,20260903,20260905T070000,1788572069
item_knn,"centering=user,neighbourhood_size=10,shrinkage=50.0",val,popularity_percentile,10.0,0.7782052978963717,864,0,20260903,20260905T070000,1788572069
item_knn,"centering=user,neighbourhood_size=10,shrinkage=50.0",val,gini,10.0,0.9130364491475602,864,0,20260903,20260905T070000,1788572069
item_knn,"centering=user,neighbourhood_size=10,shrinkage=50.0",val,precision_at_k,20.0,0.02135416666666667,864,0,20260903,20260905T070000,1788572069
item_knn,"centering=user,neighbourhood_size=10,shrinkage=50.0",val,recall_at_k,20.0,0.06420108588044217,864,0,20260903,20260905T070000,1788572069
item_knn,"centering=user,neighbourhood_size=10,shrinkage=50.0",val,coverage,20.0,0.5244444444444445,864,0,20260903,20260905T070000,1788572069
item_knn,"centering=user,neighbourhood_size=10,shrinkage=50.0",val,mean_popularity,20.0,126.14565972222222,864,0,20260903,20260905T070000,1788572069
item_knn,"centering=user,neighbourhood_size=10,shrinkage=50.0",val,popularity_percentile,20.0,0.7649309967527883,864,0,20260903,20260905T070000,1788572069
item_knn,"centering=user,neighbourhood_size=10,shrinkage=50.0",val,gini,20.0,0.8858310552616108,864,0,20260903,20260905T070000,1788572069
item_knn,"centering=item,neighbourhood_size=10,shrinkage=100.0",val,rmse,,0.9770517606325748,943,9988,20260903,20260905T070000,1788572089
item_knn,"centering=item,neighbourhood_size=10,shrinkage=100.0",val,mae,,0.7662368296561145,943,9988,20260903,20260905T070000,1788572089
item_knn,"centering=item,neighbourhood_size=10,shrinkage=100.0",val,precision_at_k,5.0,0.025694444444444447,864,0,20260903,20260905T070000,1788572089
item_knn,"centering=item,neighbourhood_size=10,shrinkage=100.0",val,recall_at_k,5.0,0.017910750385341557,864,0,20260903,20260905T070000,1788572089
item_knn,"centering=item,neighbourhood_size=10,shrinkage=100.0",val,coverage,5.0,0.2819047619047619,864,0,20260903,20260905T070000,1788572089
item_knn,"centering=item,neighbourhood_size=10,shrinkage=100.0",val,mean_popularity,5.0,112.45347222222222,864,0,20260903,20260905T070000,1788572089
item_knn,"centering=item,neighbourhood_size=10,shrinkage=100.0",val,popularity_percentile,5.0,0.7040198950538848,864,0,20260903,20260905T070000,1788572089
item_knn,"centering=item,neighbourhood_size=10,shrinkage=100.0",val,gini,5.0,0.9111352145796591,864,0,20260903,20260905T070000,1788572089
item_knn,"centering=item,neighbourhood_size=10,shrinkage=100.0",val,precision_at_k,10.0,0.02141203703703704,864,0,20260903,20260905T070000,1788572089
item_knn,"centering=item,neighbourhood_size=10,shrinkage=100.0",val,recall_at_k,10.0,0.030910283328940392,864,0,20260903,20260905T070000,1788572089
item_knn,"centering=item,neighbourhood_size=10,shrinkage=100.0",val,coverage,10.0,0.39111111111111113,864,0,20260903,20260905T070000,1788572089
item_knn,"centering=item,neighbourhood_size=10,shrinkage=100.0",val,mean_popularity,10.0,107.23935185185185,864,0,20260903,20260905T070000,1788572089
item_knn,"centering=item,neighbourhood_size=10,shrinkage=100.0",val,popularity_percentile,10.0,0.7035492111393477,864,0,20260903,20260905T070000,1788572089
item_knn,"centering=item,neighbourhood_size=10,shrinkage=100.0",val,gini,10.0,0.8876280129335685,864,0,20260903,20260905T070000,1788572089
item_knn,"centering=item,neighbourhood_size=10,shrinkage=100.0",val,precision_at_k,20.0,0.01747685185185185,864,0,20260903,20260905T070000,1788572089
item_knn,"centering=item,neighbourhood_size=10,shrinkage=100.0",val,recall_at_k,20.0,0.051996409004895425,864,0,20260903,20260905T070000,1788572089
item_knn,"centering=item,neighbourhood_size=10,shrinkage=100.0",val,coverage,20.0,0.52,864,0,20260903,20260905T070000,1788572089
item_knn,"centering=item,neighbourhood_size=10,shrinkage=100.0",val,mean_popularity,20.0,100.82222222222222,864,0,20260903,20260905T070000,1788572089
item_knn,"centering=item,neighbourhood_size=10,shrinkage=100.0",val,popularity_percentile,20.0,0.6939209271612782,864,0,20260903,20260905T070000,1788572089
item_knn,"centering=item,neighbourhood_size=10,shrinkage=100.0",val,gini,20.0,0.8546217666078777,864,0,20260903,20260905T070000,1788572089
item_knn,"centering=user,neighbourhood_size=10,shrinkage=100.0",val,rmse,,1.0796104982291193,943,9988,20260903,20260905T070000,1788572108
item_knn,"centering=user,neighbourhood_size=10,shrinkage=100.0",val,mae,,0.8445429063692147,943,9988,20260903,20260905T070000,1788572108
item_knn,"centering=user,neighbourhood_size=10,shrinkage=100.0",val,precision_at_k,5.0,0.02893518518518519,864,0,20260903,20260905T070000,1788572108
item_knn,"centering=user,neighbourhood_size=10,shrinkage=100.0",val,recall_at_k,5.0,0.021276455070751755,864,0,20260903,20260905T070000,1788572108
item_knn,"centering=user,neighbourhood_size=10,shrinkage=100.0",val,coverage,5.0,0.2615873015873016,864,0,20260903,20260905T070000,1788572108
item_knn,"centering=user,neighbourhood_size=10,shrinkage=100.0",val,mean_popularity,5.0,139.47569444444446,864,0,20260903,20260905T070000,1788572108
item_knn,"centering=user,neighbourhood_size=10,shrinkage=100.0",val,popularity_percentile,5.0,0.7839730693209092,864,0,20260903,20260905T070000,1788572108
item_knn,"centering=user,neighbourhood_size=10,shrinkage=100.0",val,gini,5.0,0.9330214579659024,864,0,20260903,20260905T070000,1788572108
item_knn,"centering=user,neighbourhood_size=10,shrinkage=100.0",val,precision_at_k,10.0,0.024768518518518516,864,0,20260903,20260905T070000,1788572108
item_knn,"centering=user,neighbourhood_size=10,shrinkage=100.0",val,recall_at_k,10.0,0.03551206088628587,864,0,20260903,20260905T070000,1788572108
item_knn,"centering=user,neighbourhood_size=10,shrinkage=100.0",val,coverage,10.0,0.3726984126984127,864,0,20260903,20260905T070000,1788572108
item_knn,"centering=user,neighbourhood_size=10,shrinkage=100.0",val,mean_popularity,10.0,134.6611111111111,864,0,20260903,20260905T070000,1788572108
item_knn,"centering=user,neighbourhood_size=10,shrinkage=100.0",val,popularity_percentile,10.0,0.779828315450139,864,0,20260903,20260905T070000,1788572108
item_knn,"centering=user,neighbourhood_size=10,shrinkage=100.0",val,gini,10.0,0.9133762492651382,864,0,20260903,20260905T070000,1788572108
item_knn,"centering=user,neighbourhood_size=10,shrinkage=100.0",val,precision_at_k,20.0,0.021932870370370373,864,0,20260903,20260905T070000,1788572108
item_knn,"centering=user,neighbourhood_size=10,shrinkage=100.0",val,recall_at_k,20.0,0.06651223883392976,864,0,20260903,20260905T070000,1788572108
item_knn,"centering=user,neighbourhood_size=10,shrinkage=100.0",val,coverage,20.0,0.5263492063492063,864,0,20260903,20260905T070000,1788572108
item_knn,"centering=user,neighbourhood_size=10,shrinkage=100.0",val,mean_popularity,20.0,126.35179398148148,864,0,20260903,20260905T070000,1788572108
item_knn,"centering=user,neighbourhood_size=10,shrinkage=100.0",val,popularity_percentile,20.0,0.7675709003953127,864,0,20260903,20260905T070000,1788572108
item_knn,"centering=user,neighbourhood_size=10,shrinkage=100.0",val,gini,20.0,0.8858197383891828,864,0,20260903,20260905T070000,1788572108
item_knn,"centering=item,neighbourhood_size=20,shrinkage=0.0",val,rmse,,0.9666381580586973,943,9988,20260903,20260905T070000,1788572129
item_knn,"centering=item,neighbourhood_size=20,shrinkage=0.0",val,mae,,0.758986240570193,943,9988,20260903,20260905T070000,1788572129
item_knn,"centering=item,neighbourhood_size=20,shrinkage=0.0",val,precision_at_k,5.0,0.023148148148148147,864,0,20260903,20260905T070000,1788572129
item_knn,"centering=item,neighbourhood_size=20,shrinkage=0.0",val,recall_at_k,5.0,0.016633434708631253,864,0,20260903,20260905T070000,1788572129
item_knn,"centering=item,neighbourhood_size=20,shrinkage=0.0",val,coverage,5.0,0.25015873015873014,864,0,20260903,20260905T070000,1788572129
item_knn,"centering=item,neighbourhood_size=20,shrinkage=0.0",val,mean_popularity,5.0,114.64143518518519,864,0,20260903,20260905T070000,1788572129
item_knn,"centering=item,neighbourhood_size=20,shrinkage=0.0",val,popularity_percentile,5.0,0.704562420584498,864,0,20260903,20260905T070000,1788572129
item_knn,"centering=item,neighbourhood_size=20,shrinkage=0.0",val,gini,5.0,0.9277139917695473,864,0,20260903,20260905T070000,1788572129
item_knn,"centering=item,neighbourhood_size=20,shrinkage=0.0",val,precision_at_k,10.0,0.022222222222222227,864,0,20260903,20260905T070000,1788572129
item_knn,"centering=item,neighbourhood_size=20,shrinkage=0.0",val,recall_at_k,10.0,0.030963725815838353,864,0,20260903,20260905T070000,1788572129
item_knn,"centering=item,neighbourhood_size=20,shrinkage=0.0",val,coverage,10.0,0.3352380952380952,864,0,20260903,20260905T070000,1788572129
item_knn,"centering=item,neighbourhood_size=20,shrinkage=0.0",val,mean_popularity,10.0,111.99340277777777,864,0,20260903,20260905T070000,1788572129
item_knn,"centering=item,neighbourhood_size=20,shrinkage=0.0",val,popularity_percentile,10.0,0.7092369787990023,864,0,20260903,20260905T070000,1788572129
item_knn,"centering=item,neighbourhood_size=20,shrinkage=0.0",val,gini,10.0,0.9086838624338625,864,0,20260903,20260905T070000,1788572129
item_knn,"centering=item,neighbourhood_size=20,shrinkage=0.0",val,precision_at_k,20.0,0.017824074074074072,864,0,20260903,20260905T070000,1788572129
item_knn,"centering=item,neighbourhood_size=20,shrinkage=0.0",val,recall_at_k,20.0,0.0540421437948218,864,0,20260903,20260905T070000,1788572129
item_knn,"centering=item,neighbourhood_size=20,shrinkage=0.0",val,coverage,20.0,0.4615873015873016,864,0,20260903,20260905T070000,1788572129
item_knn,"centering=item,neighbourhood_size=20,shrinkage=0.0",val,mean_popularity,20.0,107.1302662037037,864,0,20260903,20260905T070000,1788572129
item_knn,"centering=item,neighbourhood_size=20,shrinkage=0.0",val,popularity_percentile,20.0,0.7074276289472445,864,0,20260903,20260905T070000,1788572129
item_knn,"centering=item,neighbourhood_size=20,shrinkage=0.0",val,gini,20.0,0.8824483392122281,864,0,20260903,20260905T070000,1788572129
item_knn,"centering=user,neighbourhood_size=20,shrinkage=0.0",val,rmse,,1.0461444636720603,943,9988,20260903,20260905T070000,1788572149
item_knn,"centering=user,neighbourhood_size=20,shrinkage=0.0",val,mae,,0.8288482280100081,943,9988,20260903,20260905T070000,1788572149
item_knn,"centering=user,neighbourhood_size=20,shrinkage=0.0",val,precision_at_k,5.0,0.028703703703703703,864,0,20260903,20260905T070000,1788572149
item_knn,"centering=user,neighbourhood_size=20,shrinkage=0.0",val,recall_at_k,5.0,0.0205791798892037,864,0,20260903,20260905T070000,1788572149
item_knn,"centering=user,neighbourhood_size=20,shrinkage=0.0",val,coverage,5.0,0.2507936507936508,864,0,20260903,20260905T070000,1788572149
item_knn,"centering=user,neighbourhood_size=20,shrinkage=0.0",val,mean_popularity,5.0,144.3215277777778,864,0,20260903,20260905T070000,1788572149
item_knn,"centering=user,neighbourhood_size=20,shrinkage=0.0",val,popularity_percentile,5.0,0.7600684149842346,864,0,20260903,20260905T070000,1788572149
item_knn,"centering=user,neighbourhood_size=20,shrinkage=0.0",val,gini,5.0,0.9421131687242799,864,0,20260903,20260905T070000,1788572149
item_knn,"centering=user,neighbourhood_size=20,shrinkage=0.0",val,precision_at_k,10.0,0.024768518518518516,864,0,20260903,20260905T070000,1788572149
item_knn,"centering=user,neighbourhood_size=20,shrinkage=0.0",val,recall_at_k,10.0,0.035356787381412104,864,0,20260903,20260905T070000,1788572149
item_knn,"centering=user,neighbourhood_size=20,shrinkage=0.0",val,coverage,10.0,0.35428571428571426,864,0,20260903,20260905T070000,1788572149
item_knn,"centering=user,neighbourhood_size=20,shrinkage=0.0",val,mean_popularity,10.0,138.5009259259259,864,0,20260903,20260905T070000,1788572149
item_knn,"centering=user,neighbourhood_size=20,shrinkage=0.0",val,popularity_percentile,10.0,0.7570253306037931,864,0,20260903,20260905T070000,1788572149
item_knn,"centering=user,neighbourhood_size=20,shrinkage=0.0",val,gini,10.0,0.9248495002939447,864,0,20260903,20260905T070000,1788572149
item_knn,"centering=user,neighbourhood_size=20,shrinkage=0.0",val,precision_at_k,20.0,0.02181712962962963,864,0,20260903,20260905T070000,1788572149
item_knn,"centering=user,neighbourhood_size=20,shrinkage=0.0",val,recall_at_k,20.0,0.06360739026761043,864,0,20260903,20260905T070000,1788572149
item_knn,"centering=user,neighbourhood_size=20,shrinkage=0.0",val,coverage,20.0,0.4793650793650794,864,0,20260903,20260905T070000,1788572149
item_knn,"centering=user,neighbourhood_size=20,shrinkage=0.0",val,mean_popularity,20.0,130.1476851851852,864,0,20260903,20260905T070000,1788572149
item_knn,"centering=user,neighbourhood_size=20,shrinkage=0.0",val,popularity_percentile,20.0,0.753419903583698,864,0,20260903,20260905T070000,1788572149
item_knn,"centering=user,neighbourhood_size=20,shrinkage=0.0",val,gini,20.0,0.9044190917107584,864,0,20260903,20260905T070000,1788572149
item_knn,"centering=item,neighbourhood_size=20,shrinkage=10.0",val,rmse,,0.9650163696790481,943,9988,20260903,20260905T070000,1788572169
item_knn,"centering=item,neighbourhood_size=20,shrinkage=10.0",val,mae,,0.7578255977871334,943,9988,20260903,20260905T070000,1788572169
item_knn,"centering=item,neighbourhood_size=20,shrinkage=10.0",val,precision_at_k,5.0,0.023842592592592596,864,0,20260903,20260905T070000,1788572169
item_knn,"centering=item,neighbourhood_size=20,shrinkage=10.0",val,recall_at_k,5.0,0.016669005013788284,864,0,20260903,20260905T070000,1788572169
item_knn,"centering=item,neighbourhood_size=20,shrinkage=10.0",val,coverage,5.0,0.24571428571428572,864,0,20260903,20260905T070000,1788572169
item_knn,"centering=item,neighbourhood_size=20,shrinkage=10.0",val,mean_popularity,5.0,110.01018518518518,864,0,20260903,20260905T070000,1788572169
item_knn,"centering=item,neighbourhood_size=20,shrinkage=10.0",val,popularity_percentile,5.0,0.6831515600734152,864,0,20260903,20260905T070000,1788572169
item_knn,"centering=item,neighbourhood_size=20,shrinkage=10.0",val,gini,5.0,0.9268377425044092,864,0,20260903,20260905T070000,1788572169
item_knn,"centering=item,neighbourhood_size=20,shrinkage=10.0",val,precision_at_k,10.0,0.021180555555555557,864,0,20260903,20260905T070000,1788572169
item_knn,"centering=item,neighbourhood_size=20,shrinkage=10.0",val,recall_at_k,10.0,0.027829716449335986,864,0,20260903,20260905T070000,1788572169
item_knn,"centering=item,neighbourhood_size=20,shrinkage=10.0",val,coverage,10.0,0.3492063492063492,864,0,20260903,20260905T070000,1788572169
item_knn,"centering=item,neighbourhood_size=20,shrinkage=10.0",val,mean_popularity,10.0,107.57407407407408,864,0,20260903,20260905T070000,1788572169
item_knn,"centering=item,neighbourhood_size=20,shrinkage=10.0",val,popularity_percentile,10.0,0.6896110552261283,864,0,20260903,20260905T070000,1788572169
item_knn,"centering=item,neighbourhood_size=20,shrinkage=10.0",val,gini,10.0,0.9063616990005879,864,0,20260903,20260905T070000,1788572169
item_knn,"centering=item,neighbourhood_size=20,shrinkage=10.0",val,precision_at_k,20.0,0.017418981481481483,864,0,20260903,20260905T070000,1788572169
item_knn,"centering=item,neighbourhood_size=20,shrinkage=10.0",val,recall_at_k,20.0,0.0516028131916396,864,0,20260903,20260905T070000,1788572169
item_knn,"centering=item,neighbourhood_size=20,shrinkage=10.0",val,coverage,20.0,0.45714285714285713,864,0,20260903,20260905T070000,1788572169
item_knn,"centering=item,neighbourhood_size=20,shrinkage=10.0",val,mean_popularity,20.0,103.77505787037038,864,0,20260903,20260905T070000,1788572169
item_knn,"centering=item,neighbourhood_size=20,shrinkage=10.0",val,popularity_percentile,20.0,0.6923443088498283,864,0,20260903,20260905T070000,1788572169
item_knn,"centering=item,neighbourhood_size=20,shrinkage=10.0",val,gini,20.0,0.8813209141681364,864,0,20260903,20260905T070000,1788572169
item_knn,"centering=user,neighbourhood_size=20,shrinkage=10.0",val,rmse,,1.0582583139205008,943,9988,20260903,20260905T070000,1788572189
item_knn,"centering=user,neighbourhood_size=20,shrinkage=10.0",val,mae,,0.8327261874081907,943,9988,20260903,20260905T070000,1788572189
item_knn,"centering=user,neighbourhood_size=20,shrinkage=10.0",val,precision_at_k,5.0,0.026388888888888892,864,0,20260903,20260905T070000,1788572189
item_knn,"centering=user,neighbourhood_size=20,shrinkage=10.0",val,recall_at_k,5.0,0.020300654572381813,864,0,20260903,20260905T070000,1788572189
item_knn,"centering=user,neighbourhood_size=20,shrinkage=10.0",val,coverage,5.0,0.2615873015873016,864,0,20260903,20260905T070000,1788572189
item_knn,"centering=user,neighbourhood_size=20,shrinkage=10.0",val,mean_popularity,5.0,138.4800925925926,864,0,20260903,20260905T070000,1788572189
item_knn,"centering=user,neighbourhood_size=20,shrinkage=10.0",val,popularity_percentile,5.0,0.7555865864275966,864,0,20260903,20260905T070000,1788572189
item_knn,"centering=user,neighbourhood_size=20,shrinkage=10.0",val,gini,5.0,0.9386213991769548,864,0,20260903,20260905T070000,1788572189
item_knn,"centering=user,neighbourhood_size=20,shrinkage=10.0",val,precision_at_k,10.0,0.022685185185185187,864,0,20260903,20260905T070000,1788572189
item_knn,"centering=user,neighbourhood_size=20,shrinkage=10.0",val,recall_at_k,10.0,0.033878677184449785,864,0,20260903,20260905T070000,1788572189
item_knn,"centering=user,neighbourhood_size=20,shrinkage=10.0",val,coverage,10.0,0.37206349206349204,864,0,20260903,20260905T070000,1788572189
item_knn,"centering=user,neighbourhood_size=20,shrinkage=10.0",val,mean_popularity,10.0,134.8707175925926,864,0,20260903,20260905T070000,1788572189
item_knn,"centering=user,neighbourhood_size=20,shrinkage=10.0",val,popularity_percentile,10.0,0.7572473998776413,864,0,20260903,20260905T070000,1788572189
item_knn,"centering=user,neighbourhood_size=20,shrinkage=10.0",val,gini,10.0,0.9216775426219871,864,0,20260903,20260905T070000,1788572189
item_knn,"centering=user,neighbourhood_size=20,shrinkage=10.0",val,precision_at_k,20.0,0.02077546296296296,864,0,20260903,20260905T070000,1788572189
item_knn,"centering=user,neighbourhood_size=20,shrinkage=10.0",val,recall_at_k,20.0,0.061230012681546944,864,0,20260903,20260905T070000,1788572189
item_knn,"centering=user,neighbourhood_size=20,shrinkage=10.0",val,coverage,20.0,0.5053968253968254,864,0,20260903,20260905T070000,1788572189
item_knn,"centering=user,neighbourhood_size=20,shrinkage=10.0",val,mean_popularity,20.0,126.61568287037036,864,0,20260903,20260905T070000,1788572189
item_knn,"centering=user,neighbourhood_size=20,shrinkage=10.0",val,popularity_percentile,20.0,0.7515833833356863,864,0,20260903,20260905T070000,1788572189
item_knn,"centering=user,neighbourhood_size=20,shrinkage=10.0",val,gini,20.0,0.898538506760729,864,0,20260903,20260905T070000,1788572189
item_knn,"centering=item,neighbourhood_size=20,shrinkage=50.0",val,rmse,,0.9654098229071815,943,9988,20260903,20260905T070000,1788572209
item_knn,"centering=item,neighbourhood_size=20,shrinkage=50.0",val,mae,,0.758173149005213,943,9988,20260903,20260905T070000,1788572209
item_knn,"centering=item,neighbourhood_size=20,shrinkage=50.0",val,precision_at_k,5.0,0.024305555555555556,864,0,20260903,20260905T070000,1788572209
item_knn,"centering=item,neighbourhood_size=20,shrinkage=50.0",val,recall_at_k,5.0,0.016829896082286914,864,0,20260903,20260905T070000,1788572209
item_knn,"centering=item,neighbourhood_size=20,shrinkage=50.0",val,coverage,5.0,0.25142857142857145,864,0,20260903,20260905T070000,1788572209
item_knn,"centering=item,neighbourhood_size=20,shrinkage=50.0",val,mean_popularity,5.0,107.76365740740741,864,0,20260903,20260905T070000,1788572209
item_knn,"centering=item,neighbourhood_size=20,shrinkage=50.0",val,popularity_percentile,5.0,0.678090733681585,864,0,20260903,20260905T070000,1788572209
item_knn,"centering=item,neighbourhood_size=20,shrinkage=50.0",val,gini,5.0,0.9261660787771899,864,0,20260903,20260905T070000,1788572209
item_knn,"centering=item,neighbourhood_size=20,shrinkage=50.0",val,precision_at_k,10.0,0.019907407407407405,864,0,20260903,20260905T070000,1788572209
item_knn,"centering=item,neighbourhood_size=20,shrinkage=50.0",val,recall_at_k,10.0,0.026136803032566363,864,0,20260903,20260905T070000,1788572209
item_knn,"centering=item,neighbourhood_size=20,shrinkage=50.0",val,coverage,10.0,0.3473015873015873,864,0,20260903,20260905T070000,1788572209
item_knn,"centering=item,neighbourhood_size=20,shrinkage=50.0",val,mean_popularity,10.0,105.77303240740741,864,0,20260903,20260905T070000,1788572209
item_knn,"centering=item,neighbourhood_size=20,shrinkage=50.0",val,popularity_percentile,10.0,0.6856274854110781,864,0,20260903,20260905T070000,1788572209
item_knn,"centering=item,neighbourhood_size=20,shrinkage=50.0",val,gini,10.0,0.9046590241034685,864,0,20260903,20260905T070000,1788572209
item_knn,"centering=item,neighbourhood_size=20,shrinkage=50.0",val,precision_at_k,20.0,0.017476851851851855,864,0,20260903,20260905T070000,1788572209
item_knn,"centering=item,neighbourhood_size=20,shrinkage=50.0",val,recall_at_k,20.0,0.05091481162895337,864,0,20260903,20260905T070000,1788572209
item_knn,"centering=item,neighbourhood_size=20,shrinkage=50.0",val,coverage,20.0,0.46285714285714286,864,0,20260903,20260905T070000,1788572209
item_knn,"centering=item,neighbourhood_size=20,shrinkage=50.0",val,mean_popularity,20.0,102.1431712962963,864,0,20260903,20260905T070000,1788572209
item_knn,"centering=item,neighbourhood_size=20,shrinkage=50.0",val,popularity_percentile,20.0,0.6866038181208528,864,0,20260903,20260905T070000,1788572209
item_knn,"centering=item,neighbourhood_size=20,shrinkage=50.0",val,gini,20.0,0.8781904761904762,864,0,20260903,20260905T070000,1788572209
item_knn,"centering=user,neighbourhood_size=20,shrinkage=50.0",val,rmse,,1.0652220429075778,943,9988,20260903,20260905T070000,1788572229
item_knn,"centering=user,neighbourhood_size=20,shrinkage=50.0",val,mae,,0.8364011349362528,943,9988,20260903,20260905T070000,1788572229
item_knn,"centering=user,neighbourhood_size=20,shrinkage=50.0",val,precision_at_k,5.0,0.026851851851851856,864,0,20260903,20260905T070000,1788572229
item_knn,"centering=user,neighbourhood_size=20,shrinkage=50.0",val,recall_at_k,5.0,0.019502560713626188,864,0,20260903,20260905T070000,1788572229
item_knn,"centering=user,neighbourhood_size=20,shrinkage=50.0",val,coverage,5.0,0.2526984126984127,864,0,20260903,20260905T070000,1788572229
item_knn,"centering=user,neighbourhood_size=20,shrinkage=50.0",val,mean_popularity,5.0,138.4650462962963,864,0,20260903,20260905T070000,1788572229
item_knn,"centering=user,neighbourhood_size=20,shrinkage=50.0",val,popularity_percentile,5.0,0.7628414866581956,864,0,20260903,20260905T070000,1788572229
item_knn,"centering=user,neighbourhood_size=20,shrinkage=50.0",val,gini,5.0,0.9389500293944738,864,0,20260903,20260905T070000,1788572229
item_knn,"centering=user,neighbourhood_size=20,shrinkage=50.0",val,precision_at_k,10.0,0.022337962962962962,864,0,20260903,20260905T070000,1788572229
item_knn,"centering=user,neighbourhood_size=20,shrinkage=50.0",val,recall_at_k,10.0,0.032111988731597006,864,0,20260903,20260905T070000,1788572229
item_knn,"centering=user,neighbourhood_size=20,shrinkage=50.0",val,coverage,10.0,0.36952380952380953,864,0,20260903,20260905T070000,1788572229
item_knn,"centering=user,neighbourhood_size=20,shrinkage=50.0",val,mean_popularity,10.0,133.56296296296296,864,0,20260903,20260905T070000,1788572229
item_knn,"centering=user,neighbourhood_size=20,shrinkage=50.0",val,popularity_percentile,10.0,0.7609411766436067,864,0,20260903,20260905T070000,1788572229
item_knn,"centering=user,neighbourhood_size=20,shrinkage=50.0",val,gini,10.0,0.9206556437389771,864,0,20260903,20260905T070000,1788572229
item_knn,"centering=user,neighbourhood_size=20,shrinkage=50.0",val,precision_at_k,20.0,0.02008101851851852,864,0,20260903,20260905T070000,1788572229
item_knn,"centering=user,neighbourhood_size=20,shrinkage=50.0",val,recall_at_k,20.0,0.05893782810226442,864,0,20260903,20260905T070000,1788572229
item_knn,"centering=user,neighbourhood_size=20,shrinkage=50.0",val,coverage,20.0,0.513015873015873,864,0,20260903,20260905T070000,1788572229
item_knn,"centering=user,neighbourhood_size=20,shrinkage=50.0",val,mean_popularity,20.0,125.83032407407407,864,0,20260903,20260905T070000,1788572229
item_knn,"centering=user,neighbourhood_size=20,shrinkage=50.0",val,popularity_percentile,20.0,0.7557654551390653,864,0,20260903,20260905T070000,1788572229
item_knn,"centering=user,neighbourhood_size=20,shrinkage=50.0",val,gini,20.0,0.896777924750147,864,0,20260903,20260905T070000,1788572229
item_knn,"centering=item,neighbourhood_size=20,shrinkage=100.0",val,rmse,,0.9654376548733192,943,9988,20260903,20260905T070000,1788572250
item_knn,"centering=item,neighbourhood_size=20,shrinkage=100.0",val,mae,,0.7584231295953638,943,9988,20260903,20260905T070000,1788572250
item_knn,"centering=item,neighbourhood_size=20,shrinkage=100.0",val,precision_at_k,5.0,0.023842592592592596,864,0,20260903,20260905T070000,1788572250
item_knn,"centering=item,neighbourhood_size=20,shrinkage=100.0",val,recall_at_k,5.0,0.016456351953636577,864,0,20260903,20260905T070000,1788572250
item_knn,"centering=item,neighbourhood_size=20,shrinkage=100.0",val,coverage,5.0,0.24825396825396825,864,0,20260903,20260905T070000,1788572250
item_knn,"centering=item,neighbourhood_size=20,shrinkage=100.0",val,mean_popularity,5.0,107.00949074074074,864,0,20260903,20260905T070000,1788572250
item_knn,"centering=item,neighbourhood_size=20,shrinkage=100.0",val,popularity_percentile,5.0,0.6767081686196997,864,0,20260903,20260905T070000,1788572250
item_knn,"centering=item,neighbourhood_size=20,shrinkage=100.0",val,gini,5.0,0.9251299235743681,864,0,20260903,20260905T070000,1788572250
item_knn,"centering=item,neighbourhood_size=20,shrinkage=100.0",val,precision_at_k,10.0,0.020138888888888887,864,0,20260903,20260905T070000,1788572250
item_knn,"centering=item,neighbourhood_size=20,shrinkage=100.0",val,recall_at_k,10.0,0.027086829687854565,864,0,20260903,20260905T070000,1788572250
item_knn,"centering=item,neighbourhood_size=20,shrinkage=100.0",val,coverage,10.0,0.35555555555555557,864,0,20260903,20260905T070000,1788572250
item_knn,"centering=item,neighbourhood_size=20,shrinkage=100.0",val,mean_popularity,10.0,106.02928240740741,864,0,20260903,20260905T070000,1788572250
item_knn,"centering=item,neighbourhood_size=20,shrinkage=100.0",val,popularity_percentile,10.0,0.6860641971386888,864,0,20260903,20260905T070000,1788572250
item_knn,"centering=item,neighbourhood_size=20,shrinkage=100.0",val,gini,10.0,0.9036384479717813,864,0,20260903,20260905T070000,1788572250
item_knn,"centering=item,neighbourhood_size=20,shrinkage=100.0",val,precision_at_k,20.0,0.017013888888888887,864,0,20260903,20260905T070000,1788572250
item_knn,"centering=item,neighbourhood_size=20,shrinkage=100.0",val,recall_at_k,20.0,0.05164159160615976,864,0,20260903,20260905T070000,1788572250
item_knn,"centering=item,neighbourhood_size=20,shrinkage=100.0",val,coverage,20.0,0.4666666666666667,864,0,20260903,20260905T070000,1788572250
item_knn,"centering=item,neighbourhood_size=20,shrinkage=100.0",val,mean_popularity,20.0,101.62013888888889,864,0,20260903,20260905T070000,1788572250
item_knn,"centering=item,neighbourhood_size=20,shrinkage=100.0",val,popularity_percentile,20.0,0.6848865681914442,864,0,20260903,20260905T070000,1788572250
item_knn,"centering=item,neighbourhood_size=20,shrinkage=100.0",val,gini,20.0,0.8773371546149324,864,0,20260903,20260905T070000,1788572250
item_knn,"centering=user,neighbourhood_size=20,shrinkage=100.0",val,rmse,,1.0676889922841821,943,9988,20260903,20260905T070000,1788572271
item_knn,"centering=user,neighbourhood_size=20,shrinkage=100.0",val,mae,,0.8376744620345087,943,9988,20260903,20260905T070000,1788572271
item_knn,"centering=user,neighbourhood_size=20,shrinkage=100.0",val,precision_at_k,5.0,0.027314814814814816,864,0,20260903,20260905T070000,1788572271
item_knn,"centering=user,neighbourhood_size=20,shrinkage=100.0",val,recall_at_k,5.0,0.0203424915933855,864,0,20260903,20260905T070000,1788572271
item_knn,"centering=user,neighbourhood_size=20,shrinkage=100.0",val,coverage,5.0,0.25206349206349205,864,0,20260903,20260905T070000,1788572271
item_knn,"centering=user,neighbourhood_size=20,shrinkage=100.0",val,mean_popularity,5.0,137.87453703703704,864,0,20260903,20260905T070000,1788572271
item_knn,"centering=user,neighbourhood_size=20,shrinkage=100.0",val,popularity_percentile,5.0,0.76464245376253,864,0,20260903,20260905T070000,1788572271
item_knn,"centering=user,neighbourhood_size=20,shrinkage=100.0",val,gini,5.0,0.9394541446208113,864,0,20260903,20260905T070000,1788572271
item_knn,"centering=user,neighbourhood_size=20,shrinkage=100.0",val,precision_at_k,10.0,0.0224537037037037,864,0,20260903,20260905T070000,1788572271
item_knn,"centering=user,neighbourhood_size=20,shrinkage=100.0",val,recall_at_k,10.0,0.031351116643970535,864,0,20260903,20260905T070000,1788572271
item_knn,"centering=user,neighbourhood_size=20,shrinkage=100.0",val,coverage,10.0,0.36317460317460315,864,0,20260903,20260905T070000,1788572271
item_knn,"centering=user,neighbourhood_size=20,shrinkage=100.0",val,mean_popularity,10.0,133.69594907407406,864,0,20260903,20260905T070000,1788572271
item_knn,"centering=user,neighbourhood_size=20,shrinkage=100.0",val,popularity_percentile,10.0,0.7641361799378795,864,0,20260903,20260905T070000,1788572271
item_knn,"centering=user,neighbourhood_size=20,shrinkage=100.0",val,gini,10.0,0.920754556143445,864,0,20260903,20260905T070000,1788572271
item_knn,"centering=user,neighbourhood_size=20,shrinkage=100.0",val,precision_at_k,20.0,0.020543981481481483,864,0,20260903,20260905T070000,1788572271
item_knn,"centering=user,neighbourhood_size=20,shrinkage=100.0",val,recall_at_k,20.0,0.060579360657996524,864,0,20260903,20260905T070000,1788572271
item_knn,"centering=user,neighbourhood_size=20,shrinkage=100.0",val,coverage,20.0,0.5136507936507937,864,0,20260903,20260905T070000,1788572271
item_knn,"centering=user,neighbourhood_size=20,shrinkage=100.0",val,mean_popularity,20.0,126.33333333333333,864,0,20260903,20260905T070000,1788572271
item_knn,"centering=user,neighbourhood_size=20,shrinkage=100.0",val,popularity_percentile,20.0,0.7588372541060755,864,0,20260903,20260905T070000,1788572271
item_knn,"centering=user,neighbourhood_size=20,shrinkage=100.0",val,gini,20.0,0.8966501322751322,864,0,20260903,20260905T070000,1788572271
item_knn,"centering=item,neighbourhood_size=40,shrinkage=0.0",val,rmse,,0.9650815902390604,943,9988,20260903,20260905T070000,1788572295
item_knn,"centering=item,neighbourhood_size=40,shrinkage=0.0",val,mae,,0.7580138856643683,943,9988,20260903,20260905T070000,1788572295
item_knn,"centering=item,neighbourhood_size=40,shrinkage=0.0",val,precision_at_k,5.0,0.02291666666666667,864,0,20260903,20260905T070000,1788572295
item_knn,"centering=item,neighbourhood_size=40,shrinkage=0.0",val,recall_at_k,5.0,0.01660347313462498,864,0,20260903,20260905T070000,1788572295
item_knn,"centering=item,neighbourhood_size=40,shrinkage=0.0",val,coverage,5.0,0.23365079365079366,864,0,20260903,20260905T070000,1788572295
item_knn,"centering=item,neighbourhood_size=40,shrinkage=0.0",val,mean_popularity,5.0,110.49699074074074,864,0,20260903,20260905T070000,1788572295
item_knn,"centering=item,neighbourhood_size=40,shrinkage=0.0",val,popularity_percentile,5.0,0.6848153148383453,864,0,20260903,20260905T070000,1788572295
item_knn,"centering=item,neighbourhood_size=40,shrinkage=0.0",val,gini,5.0,0.9356440329218108,864,0,20260903,20260905T070000,1788572295
item_knn,"centering=item,neighbourhood_size=40,shrinkage=0.0",val,precision_at_k,10.0,0.020601851851851857,864,0,20260903,20260905T070000,1788572295
item_knn,"centering=item,neighbourhood_size=40,shrinkage=0.0",val,recall_at_k,10.0,0.028610257019944175,864,0,20260903,20260905T070000,1788572295
item_knn,"centering=item,neighbourhood_size=40,shrinkage=0.0",val,coverage,10.0,0.31936507936507935,864,0,20260903,20260905T070000,1788572295
item_knn,"centering=item,neighbourhood_size=40,shrinkage=0.0",val,mean_popularity,10.0,110.12418981481481,864,0,20260903,20260905T070000,1788572295
item_knn,"centering=item,neighbourhood_size=40,shrinkage=0.0",val,popularity_percentile,10.0,0.6959025277660125,864,0,20260903,20260905T070000,1788572295
item_knn,"centering=item,neighbourhood_size=40,shrinkage=0.0",val,gini,10.0,0.9182448559670782,864,0,20260903,20260905T070000,1788572295
item_knn,"centering=item,neighbourhood_size=40,shrinkage=0.0",val,precision_at_k,20.0,0.017997685185185186,864,0,20260903,20260905T070000,1788572295
item_knn,"centering=item,neighbourhood_size=40,shrinkage=0.0",val,recall_at_k,20.0,0.05342460384505346,864,0,20260903,20260905T070000,1788572295
item_knn,"centering=item,neighbourhood_size=40,shrinkage=0.0",val,coverage,20.0,0.43936507936507935,864,0,20260903,20260905T070000,1788572295
item_knn,"centering=item,neighbourhood_size=40,shrinkage=0.0",val,mean_popularity,20.0,107.34270833333333,864,0,20260903,20260905T070000,1788572295
item_knn,"centering=item,neighbourhood_size=40,shrinkage=0.0",val,popularity_percentile,20.0,0.6998184105722622,864,0,20260903,20260905T070000,1788572295
item_knn,"centering=item,neighbourhood_size=40,shrinkage=0.0",val,gini,20.0,0.8951396972369194,864,0,20260903,20260905T070000,1788572295
item_knn,"centering=user,neighbourhood_size=40,shrinkage=0.0",val,rmse,,1.0439396583364573,943,9988,20260903,20260905T070000,1788572317
item_knn,"centering=user,neighbourhood_size=40,shrinkage=0.0",val,mae,,0.8274584352637667,943,9988,20260903,20260905T070000,1788572317
item_knn,"centering=user,neighbourhood_size=40,shrinkage=0.0",val,precision_at_k,5.0,0.024768518518518516,864,0,20260903,20260905T070000,1788572317
item_knn,"centering=user,neighbourhood_size=40,shrinkage=0.0",val,recall_at_k,5.0,0.018738402479935006,864,0,20260903,20260905T070000,1788572317
item_knn,"centering=user,neighbourhood_size=40,shrinkage=0.0",val,coverage,5.0,0.2450793650793651,864,0,20260903,20260905T070000,1788572317
item_knn,"centering=user,neighbourhood_size=40,shrinkage=0.0",val,mean_popularity,5.0,140.29467592592593,864,0,20260903,20260905T070000,1788572317
item_knn,"centering=user,neighbourhood_size=40,shrinkage=0.0",val,popularity_percentile,5.0,0.7421797790484258,864,0,20260903,20260905T070000,1788572317
item_knn,"centering=user,neighbourhood_size=40,shrinkage=0.0",val,gini,5.0,0.9452830687830688,864,0,20260903,20260905T070000,1788572317
item_knn,"centering=user,neighbourhood_size=40,shrinkage=0.0",val,precision_at_k,10.0,0.02199074074074074,864,0,20260903,20260905T070000,1788572317
item_knn,"centering=user,neighbourhood_size=40,shrinkage=0.0",val,recall_at_k,10.0,0.03173996422180032,864,0,20260903,20260905T070000,1788572317
item_knn,"centering=user,neighbourhood_size=40,shrinkage=0.0",val,coverage,10.0,0.3466666666666667,864,0,20260903,20260905T070000,1788572317
item_knn,"centering=user,neighbourhood_size=40,shrinkage=0.0",val,mean_popularity,10.0,135.35092592592594,864,0,20260903,20260905T070000,1788572317
item_knn,"centering=user,neighbourhood_size=40,shrinkage=0.0",val,popularity_percentile,10.0,0.7423596404536684,864,0,20260903,20260905T070000,1788572317
item_knn,"centering=user,neighbourhood_size=40,shrinkage=0.0",val,gini,10.0,0.9293790417401528,864,0,20260903,20260905T070000,1788572317
item_knn,"centering=user,neighbourhood_size=40,shrinkage=0.0",val,precision_at_k,20.0,0.021122685185185185,864,0,20260903,20260905T070000,1788572317
item_knn,"centering=user,neighbourhood_size=40,shrinkage=0.0",val,recall_at_k,20.0,0.06221430828275425,864,0,20260903,20260905T070000,1788572317
item_knn,"centering=user,neighbourhood_size=40,shrinkage=0.0",val,coverage,20.0,0.4749206349206349,864,0,20260903,20260905T070000,1788572317
item_knn,"centering=user,neighbourhood_size=40,shrinkage=0.0",val,mean_popularity,20.0,128.60324074074074,864,0,20260903,20260905T070000,1788572317
item_knn,"centering=user,neighbourhood_size=40,shrinkage=0.0",val,popularity_percentile,20.0,0.743031841204292,864,0,20260903,20260905T070000,1788572317
item_knn,"centering=user,neighbourhood_size=40,shrinkage=0.0",val,gini,20.0,0.9086099353321575,864,0,20260903,20260905T070000,1788572317
item_knn,"centering=item,neighbourhood_size=40,shrinkage=10.0",val,rmse,,0.9644373786285441,943,9988,20260903,20260905T070000,1788572339
item_knn,"centering=item,neighbourhood_size=40,shrinkage=10.0",val,mae,,0.7583248370674534,943,9988,20260903,20260905T070000,1788572339
item_knn,"centering=item,neighbourhood_size=40,shrinkage=10.0",val,precision_at_k,5.0,0.02291666666666667,864,0,20260903,20260905T070000,1788572339
item_knn,"centering=item,neighbourhood_size=40,shrinkage=10.0",val,recall_at_k,5.0,0.01598780707632673,864,0,20260903,20260905T070000,1788572339
item_knn,"centering=item,neighbourhood_size=40,shrinkage=10.0",val,coverage,5.0,0.23492063492063492,864,0,20260903,20260905T070000,1788572339
item_knn,"centering=item,neighbourhood_size=40,shrinkage=10.0",val,mean_popularity,5.0,105.43935185185185,864,0,20260903,20260905T070000,1788572339
item_knn,"centering=item,neighbourhood_size=40,shrinkage=10.0",val,popularity_percentile,5.0,0.6647296637488823,864,0,20260903,20260905T070000,1788572339
item_knn,"centering=item,neighbourhood_size=40,shrinkage=10.0",val,gini,5.0,0.9341108171663727,864,0,20260903,20260905T070000,1788572339
item_knn,"centering=item,neighbourhood_size=40,shrinkage=10.0",val,precision_at_k,10.0,0.019097222222222224,864,0,20260903,20260905T070000,1788572339
item_knn,"centering=item,neighbourhood_size=40,shrinkage=10.0",val,recall_at_k,10.0,0.02615035918244217,864,0,20260903,20260905T070000,1788572339
item_knn,"centering=item,neighbourhood_size=40,shrinkage=10.0",val,coverage,10.0,0.32634920634920633,864,0,20260903,20260905T070000,1788572339
item_knn,"centering=item,neighbourhood_size=40,shrinkage=10.0",val,mean_popularity,10.0,105.82291666666667,864,0,20260903,20260905T070000,1788572339
item_knn,"centering=item,neighbourhood_size=40,shrinkage=10.0",val,popularity_percentile,10.0,0.6782544178549579,864,0,20260903,20260905T070000,1788572339
item_knn,"centering=item,neighbourhood_size=40,shrinkage=10.0",val,gini,10.0,0.9159919165196942,864,0,20260903,20260905T070000,1788572339
item_knn,"centering=item,neighbourhood_size=40,shrinkage=10.0",val,precision_at_k,20.0,0.017708333333333333,864,0,20260903,20260905T070000,1788572339
item_knn,"centering=item,neighbourhood_size=40,shrinkage=10.0",val,recall_at_k,20.0,0.05112022464024623,864,0,20260903,20260905T070000,1788572339
item_knn,"centering=item,neighbourhood_size=40,shrinkage=10.0",val,coverage,20.0,0.4336507936507937,864,0,20260903,20260905T070000,1788572339
item_knn,"centering=item,neighbourhood_size=40,shrinkage=10.0",val,mean_popularity,20.0,103.8660300925926,864,0,20260903,20260905T070000,1788572339
item_knn,"centering=item,neighbourhood_size=40,shrinkage=10.0",val,popularity_percentile,20.0,0.6847132512118217,864,0,20260903,20260905T070000,1788572339
item_knn,"centering=item,neighbourhood_size=40,shrinkage=10.0",val,gini,20.0,0.8938970458553792,864,0,20260903,20260905T070000,1788572339
item_knn,"centering=user,neighbourhood_size=40,shrinkage=10.0",val,rmse,,1.0543436880322634,943,9988,20260903,20260905T070000,1788572361
item_knn,"centering=user,neighbourhood_size=40,shrinkage=10.0",val,mae,,0.8309843593230313,943,9988,20260903,20260905T070000,1788572361
item_knn,"centering=user,neighbourhood_size=40,shrinkage=10.0",val,precision_at_k,5.0,0.024768518518518516,864,0,20260903,20260905T070000,1788572361
item_knn,"centering=user,neighbourhood_size=40,shrinkage=10.0",val,recall_at_k,5.0,0.019475260465056876,864,0,20260903,20260905T070000,1788572361
item_knn,"centering=user,neighbourhood_size=40,shrinkage=10.0",val,coverage,5.0,0.2546031746031746,864,0,20260903,20260905T070000,1788572361
item_knn,"centering=user,neighbourhood_size=40,shrinkage=10.0",val,mean_popularity,5.0,135.36018518518517,864,0,20260903,20260905T070000,1788572361
item_knn,"centering=user,neighbourhood_size=40,shrinkage=10.0",val,popularity_percentile,5.0,0.7423193444397385,864,0,20260903,20260905T070000,1788572361
item_knn,"centering=user,neighbourhood_size=40,shrinkage=10.0",val,gini,5.0,0.942612580834803,864,0,20260903,20260905T070000,1788572361
item_knn,"centering=user,neighbourhood_size=40,shrinkage=10.0",val,precision_at_k,10.0,0.02199074074074074,864,0,20260903,20260905T070000,1788572361
item_knn,"centering=user,neighbourhood_size=40,shrinkage=10.0",val,recall_at_k,10.0,0.032626933382927346,864,0,20260903,20260905T070000,1788572361
item_knn,"centering=user,neighbourhood_size=40,shrinkage=10.0",val,coverage,10.0,0.3612698412698413,864,0,20260903,20260905T070000,1788572361
item_knn,"centering=user,neighbourhood_size=40,shrinkage=10.0",val,mean_popularity,10.0,131.71689814814815,864,0,20260903,20260905T070000,1788572361
item_knn,"centering=user,neighbourhood_size=40,shrinkage=10.0",val,popularity_percentile,10.0,0.7435130035531085,864,0,20260903,20260905T070000,1788572361
item_knn,"centering=user,neighbourhood_size=40,shrinkage=10.0",val,gini,10.0,0.9261535861258083,864,0,20260903,20260905T070000,1788572361
item_knn,"centering=user,neighbourhood_size=40,shrinkage=10.0",val,precision_at_k,20.0,0.02025462962962963,864,0,20260903,20260905T070000,1788572361
item_knn,"centering=user,neighbourhood_size=40,shrinkage=10.0",val,recall_at_k,20.0,0.05900104863913921,864,0,20260903,20260905T070000,1788572361
item_knn,"centering=user,neighbourhood_size=40,shrinkage=10.0",val,coverage,20.0,0.4984126984126984,864,0,20260903,20260905T070000,1788572361
item_knn,"centering=user,neighbourhood_size=40,shrinkage=10.0",val,mean_popularity,20.0,124.93657407407407,864,0,20260903,20260905T070000,1788572361
item_knn,"centering=user,neighbourhood_size=40,shrinkage=10.0",val,popularity_percentile,20.0,0.7416192011977035,864,0,20260903,20260905T070000,1788572361
item_knn,"centering=user,neighbourhood_size=40,shrinkage=10.0",val,gini,20.0,0.9043603027630805,864,0,20260903,20260905T070000,1788572361
item_knn,"centering=item,neighbourhood_size=40,shrinkage=50.0",val,rmse,,0.9648609569766977,943,9988,20260903,20260905T070000,1788572384
item_knn,"centering=item,neighbourhood_size=40,shrinkage=50.0",val,mae,,0.7589530331314367,943,9988,20260903,20260905T070000,1788572384
item_knn,"centering=item,neighbourhood_size=40,shrinkage=50.0",val,precision_at_k,5.0,0.022453703703703705,864,0,20260903,20260905T070000,1788572384
item_knn,"centering=item,neighbourhood_size=40,shrinkage=50.0",val,recall_at_k,5.0,0.015939623100604726,864,0,20260903,20260905T070000,1788572384
item_knn,"centering=item,neighbourhood_size=40,shrinkage=50.0",val,coverage,5.0,0.23936507936507936,864,0,20260903,20260905T070000,1788572384
item_knn,"centering=item,neighbourhood_size=40,shrinkage=50.0",val,mean_popularity,5.0,105.05486111111111,864,0,20260903,20260905T070000,1788572384
item_knn,"centering=item,neighbourhood_size=40,shrinkage=50.0",val,popularity_percentile,5.0,0.665277924843522,864,0,20260903,20260905T070000,1788572384
item_knn,"centering=item,neighbourhood_size=40,shrinkage=50.0",val,gini,5.0,0.932766607877719,864,0,20260903,20260905T070000,1788572384
item_knn,"centering=item,neighbourhood_size=40,shrinkage=50.0",val,precision_at_k,10.0,0.019212962962962963,864,0,20260903,20260905T070000,1788572384
item_knn,"centering=item,neighbourhood_size=40,shrinkage=50.0",val,recall_at_k,10.0,0.026106941740221736,864,0,20260903,20260905T070000,1788572384
item_knn,"centering=item,neighbourhood_size=40,shrinkage=50.0",val,coverage,10.0,0.33015873015873015,864,0,20260903,20260905T070000,1788572384
item_knn,"centering=item,neighbourhood_size=40,shrinkage=50.0",val,mean_popularity,10.0,104.96030092592592,864,0,20260903,20260905T070000,1788572384
item_knn,"centering=item,neighbourhood_size=40,shrinkage=50.0",val,popularity_percentile,10.0,0.6779665366605487,864,0,20260903,20260905T070000,1788572384
item_knn,"centering=item,neighbourhood_size=40,shrinkage=50.0",val,gini,10.0,0.9145088183421517,864,0,20260903,20260905T070000,1788572384
item_knn,"centering=item,neighbourhood_size=40,shrinkage=50.0",val,precision_at_k,20.0,0.01701388888888889,864,0,20260903,20260905T070000,1788572384
item_knn,"centering=item,neighbourhood_size=40,shrinkage=50.0",val,recall_at_k,20.0,0.049132462509245974,864,0,20260903,20260905T070000,1788572384
item_knn,"centering=item,neighbourhood_size=40,shrinkage=50.0",val,coverage,20.0,0.43746031746031744,864,0,20260903,20260905T070000,1788572384
item_knn,"centering=item,neighbourhood_size=40,shrinkage=50.0",val,mean_popularity,20.0,102.28466435185184,864,0,20260903,20260905T070000,1788572384
item_knn,"centering=item,neighbourhood_size=40,shrinkage=50.0",val,popularity_percentile,20.0,0.6805018030260247,864,0,20260903,20260905T070000,1788572384
item_knn,"centering=item,neighbourhood_size=40,shrinkage=50.0",val,gini,20.0,0.8909564961787184,864,0,20260903,20260905T070000,1788572384
item_knn,"centering=user,neighbourhood_size=40,shrinkage=50.0",val,rmse,,1.0605196843525875,943,9988,20260903,20260905T070000,1788572406
item_knn,"centering=user,neighbourhood_size=40,shrinkage=50.0",val,mae,,0.8340097597852679,943,9988,20260903,20260905T070000,1788572406
item_knn,"centering=user,neighbourhood_size=40,shrinkage=50.0",val,precision_at_k,5.0,0.022685185185185187,864,0,20260903,20260905T070000,1788572406
item_knn,"centering=user,neighbourhood_size=40,shrinkage=50.0",val,recall_at_k,5.0,0.017503883291133407,864,0,20260903,20260905T070000,1788572406
item_knn,"centering=user,neighbourhood_size=40,shrinkage=50.0",val,coverage,5.0,0.24825396825396825,864,0,20260903,20260905T070000,1788572406
item_knn,"centering=user,neighbourhood_size=40,shrinkage=50.0",val,mean_popularity,5.0,133.79236111111112,864,0,20260903,20260905T070000,1788572406
item_knn,"centering=user,neighbourhood_size=40,shrinkage=50.0",val,popularity_percentile,5.0,0.7477757776836557,864,0,20260903,20260905T070000,1788572406
item_knn,"centering=user,neighbourhood_size=40,shrinkage=50.0",val,gini,5.0,0.9425696649029982,864,0,20260903,20260905T070000,1788572406
item_knn,"centering=user,neighbourhood_size=40,shrinkage=50.0",val,precision_at_k,10.0,0.02152777777777778,864,0,20260903,20260905T070000,1788572406
item_knn,"centering=user,neighbourhood_size=40,shrinkage=50.0",val,recall_at_k,10.0,0.030654315290250114,864,0,20260903,20260905T070000,1788572406
item_knn,"centering=user,neighbourhood_size=40,shrinkage=50.0",val,coverage,10.0,0.36,864,0,20260903,20260905T070000,1788572406
item_knn,"centering=user,neighbourhood_size=40,shrinkage=50.0",val,mean_popularity,10.0,131.06851851851852,864,0,20260903,20260905T070000,1788572406
item_knn,"centering=user,neighbourhood_size=40,shrinkage=50.0",val,popularity_percentile,10.0,0.750361781730905,864,0,20260903,20260905T070000,1788572406
item_knn,"centering=user,neighbourhood_size=40,shrinkage=50.0",val,gini,10.0,0.9246081716637272,864,0,20260903,20260905T070000,1788572406
item_knn,"centering=user,neighbourhood_size=40,shrinkage=50.0",val,precision_at_k,20.0,0.020486111111111115,864,0,20260903,20260905T070000,1788572406
item_knn,"centering=user,neighbourhood_size=40,shrinkage=50.0",val,recall_at_k,20.0,0.05988821559044014,864,0,20260903,20260905T070000,1788572406
item_knn,"centering=user,neighbourhood_size=40,shrinkage=50.0",val,coverage,20.0,0.5066666666666667,864,0,20260903,20260905T070000,1788572406
item_knn,"centering=user,neighbourhood_size=40,shrinkage=50.0",val,mean_popularity,20.0,124.62679398148148,864,0,20260903,20260905T070000,1788572406
item_knn,"centering=user,neighbourhood_size=40,shrinkage=50.0",val,popularity_percentile,20.0,0.7477956683255682,864,0,20260903,20260905T070000,1788572406
item_knn,"centering=user,neighbourhood_size=40,shrinkage=50.0",val,gini,20.0,0.9020302763080541,864,0,20260903,20260905T070000,1788572406
item_knn,"centering=item,neighbourhood_size=40,shrinkage=100.0",val,rmse,,0.9648976223756502,943,9988,20260903,20260905T070000,1788572430
item_knn,"centering=item,neighbourhood_size=40,shrinkage=100.0",val,mae,,0.758964343427951,943,9988,20260903,20260905T070000,1788572430
item_knn,"centering=item,neighbourhood_size=40,shrinkage=100.0",val,precision_at_k,5.0,0.022685185185185187,864,0,20260903,20260905T070000,1788572430
item_knn,"centering=item,neighbourhood_size=40,shrinkage=100.0",val,recall_at_k,5.0,0.014762257513516917,864,0,20260903,20260905T070000,1788572430
item_knn,"centering=item,neighbourhood_size=40,shrinkage=100.0",val,coverage,5.0,0.24,864,0,20260903,20260905T070000,1788572430
item_knn,"centering=item,neighbourhood_size=40,shrinkage=100.0",val,mean_popularity,5.0,105.36458333333333,864,0,20260903,20260905T070000,1788572430
item_knn,"centering=item,neighbourhood_size=40,shrinkage=100.0",val,popularity_percentile,5.0,0.6663875358840416,864,0,20260903,20260905T070000,1788572430
item_knn,"centering=item,neighbourhood_size=40,shrinkage=100.0",val,gini,5.0,0.932254556143445,864,0,20260903,20260905T070000,1788572430
item_knn,"centering=item,neighbourhood_size=40,shrinkage=100.0",val,precision_at_k,10.0,0.019328703703703706,864,0,20260903,20260905T070000,1788572430
item_knn,"centering=item,neighbourhood_size=40,shrinkage=100.0",val,recall_at_k,10.0,0.026366919994991654,864,0,20260903,20260905T070000,1788572430
item_knn,"centering=item,neighbourhood_size=40,shrinkage=100.0",val,coverage,10.0,0.33206349206349206,864,0,20260903,20260905T070000,1788572430
item_knn,"centering=item,neighbourhood_size=40,shrinkage=100.0",val,mean_popularity,10.0,105.21412037037037,864,0,20260903,20260905T070000,1788572430
item_knn,"centering=item,neighbourhood_size=40,shrinkage=100.0",val,popularity_percentile,10.0,0.6786534072191632,864,0,20260903,20260905T070000,1788572430
item_knn,"centering=item,neighbourhood_size=40,shrinkage=100.0",val,gini,10.0,0.9139038800705468,864,0,20260903,20260905T070000,1788572430
item_knn,"centering=item,neighbourhood_size=40,shrinkage=100.0",val,precision_at_k,20.0,0.017418981481481483,864,0,20260903,20260905T070000,1788572430
item_knn,"centering=item,neighbourhood_size=40,shrinkage=100.0",val,recall_at_k,20.0,0.050827678376023804,864,0,20260903,20260905T070000,1788572430
item_knn,"centering=item,neighbourhood_size=40,shrinkage=100.0",val,coverage,20.0,0.43555555555555553,864,0,20260903,20260905T070000,1788572430
item_knn,"centering=item,neighbourhood_size=40,shrinkage=100.0",val,mean_popularity,20.0,101.97939814814815,864,0,20260903,20260905T070000,1788572430
item_knn,"centering=item,neighbourhood_size=40,shrinkage=100.0",val,popularity_percentile,20.0,0.6802636300531789,864,0,20260903,20260905T070000,1788572430
item_knn,"centering=item,neighbourhood_size=40,shrinkage=100.0",val,gini,20.0,0.8901055261610817,864,0,20260903,20260905T070000,1788572430
item_knn,"centering=user,neighbourhood_size=40,shrinkage=100.0",val,rmse,,1.0624083043260542,943,9988,20260903,20260905T070000,1788572453
item_knn,"centering=user,neighbourhood_size=40,shrinkage=100.0",val,mae,,0.8350790552909971,943,9988,20260903,20260905T070000,1788572453
item_knn,"centering=user,neighbourhood_size=40,shrinkage=100.0",val,precision_at_k,5.0,0.02546296296296296,864,0,20260903,20260905T070000,1788572453
item_knn,"centering=user,neighbourhood_size=40,shrinkage=100.0",val,recall_at_k,5.0,0.01946127196727208,864,0,20260903,20260905T070000,1788572453
item_knn,"centering=user,neighbourhood_size=40,shrinkage=100.0",val,coverage,5.0,0.24761904761904763,864,0,20260903,20260905T070000,1788572453
item_knn,"centering=user,neighbourhood_size=40,shrinkage=100.0",val,mean_popularity,5.0,134.4537037037037,864,0,20260903,20260905T070000,1788572453
item_knn,"centering=user,neighbourhood_size=40,shrinkage=100.0",val,popularity_percentile,5.0,0.7502801602428348,864,0,20260903,20260905T070000,1788572453
item_knn,"centering=user,neighbourhood_size=40,shrinkage=100.0",val,gini,5.0,0.942823339212228,864,0,20260903,20260905T070000,1788572453
item_knn,"centering=user,neighbourhood_size=40,shrinkage=100.0",val,precision_at_k,10.0,0.02164351851851852,864,0,20260903,20260905T070000,1788572453
item_knn,"centering=user,neighbourhood_size=40,shrinkage=100.0",val,recall_at_k,10.0,0.03018664014814547,864,0,20260903,20260905T070000,1788572453
item_knn,"centering=user,neighbourhood_size=40,shrinkage=100.0",val,coverage,10.0,0.35619047619047617,864,0,20260903,20260905T070000,1788572453
item_knn,"centering=user,neighbourhood_size=40,shrinkage=100.0",val,mean_popularity,10.0,132.00925925925927,864,0,20260903,20260905T070000,1788572453
item_knn,"centering=user,neighbourhood_size=40,shrinkage=100.0",val,popularity_percentile,10.0,0.755421358063909,864,0,20260903,20260905T070000,1788572453
item_knn,"centering=user,neighbourhood_size=40,shrinkage=100.0",val,gini,10.0,0.9248021751910641,864,0,20260903,20260905T070000,1788572453
item_knn,"centering=user,neighbourhood_size=40,shrinkage=100.0",val,precision_at_k,20.0,0.020486111111111115,864,0,20260903,20260905T070000,1788572453
item_knn,"centering=user,neighbourhood_size=40,shrinkage=100.0",val,recall_at_k,20.0,0.06083047779001229,864,0,20260903,20260905T070000,1788572453
item_knn,"centering=user,neighbourhood_size=40,shrinkage=100.0",val,coverage,20.0,0.5073015873015873,864,0,20260903,20260905T070000,1788572453
item_knn,"centering=user,neighbourhood_size=40,shrinkage=100.0",val,mean_popularity,20.0,125.10659722222222,864,0,20260903,20260905T070000,1788572453
item_knn,"centering=user,neighbourhood_size=40,shrinkage=100.0",val,popularity_percentile,20.0,0.7511199056426184,864,0,20260903,20260905T070000,1788572453
item_knn,"centering=user,neighbourhood_size=40,shrinkage=100.0",val,gini,20.0,0.9016109641387419,864,0,20260903,20260905T070000,1788572453
item_knn,"centering=item,neighbourhood_size=80,shrinkage=0.0",val,rmse,,0.9672241409012639,943,9988,20260903,20260905T070000,1788572480
item_knn,"centering=item,neighbourhood_size=80,shrinkage=0.0",val,mae,,0.7605122354587754,943,9988,20260903,20260905T070000,1788572480
item_knn,"centering=item,neighbourhood_size=80,shrinkage=0.0",val,precision_at_k,5.0,0.021064814814814817,864,0,20260903,20260905T070000,1788572480
item_knn,"centering=item,neighbourhood_size=80,shrinkage=0.0",val,recall_at_k,5.0,0.015643027018694793,864,0,20260903,20260905T070000,1788572480
item_knn,"centering=item,neighbourhood_size=80,shrinkage=0.0",val,coverage,5.0,0.2311111111111111,864,0,20260903,20260905T070000,1788572480
item_knn,"centering=item,neighbourhood_size=80,shrinkage=0.0",val,mean_popularity,5.0,108.57731481481481,864,0,20260903,20260905T070000,1788572480
item_knn,"centering=item,neighbourhood_size=80,shrinkage=0.0",val,popularity_percentile,5.0,0.6757809191020754,864,0,20260903,20260905T070000,1788572480
item_knn,"centering=item,neighbourhood_size=80,shrinkage=0.0",val,gini,5.0,0.9387089947089947,864,0,20260903,20260905T070000,1788572480
item_knn,"centering=item,neighbourhood_size=80,shrinkage=0.0",val,precision_at_k,10.0,0.019444444444444445,864,0,20260903,20260905T070000,1788572480
item_knn,"centering=item,neighbourhood_size=80,shrinkage=0.0",val,recall_at_k,10.0,0.02785060424096804,864,0,20260903,20260905T070000,1788572480
item_knn,"centering=item,neighbourhood_size=80,shrinkage=0.0",val,coverage,10.0,0.30984126984126986,864,0,20260903,20260905T070000,1788572480
item_knn,"centering=item,neighbourhood_size=80,shrinkage=0.0",val,mean_popularity,10.0,109.55196759259259,864,0,20260903,20260905T070000,1788572480
item_knn,"centering=item,neighbourhood_size=80,shrinkage=0.0",val,popularity_percentile,10.0,0.690148948185797,864,0,20260903,20260905T070000,1788572480
item_knn,"centering=item,neighbourhood_size=80,shrinkage=0.0",val,gini,10.0,0.9230142563198118,864,0,20260903,20260905T070000,1788572480
item_knn,"centering=item,neighbourhood_size=80,shrinkage=0.0",val,precision_at_k,20.0,0.01678240740740741,864,0,20260903,20260905T070000,1788572480
item_knn,"centering=item,neighbourhood_size=80,shrinkage=0.0",val,recall_at_k,20.0,0.05045434888751526,864,0,20260903,20260905T070000,1788572480
item_knn,"centering=item,neighbourhood_size=80,shrinkage=0.0",val,coverage,20.0,0.4292063492063492,864,0,20260903,20260905T070000,1788572480
item_knn,"centering=item,neighbourhood_size=80,shrinkage=0.0",val,mean_popularity,20.0,106.85561342592592,864,0,20260903,20260905T070000,1788572480
item_knn,"centering=item,neighbourhood_size=80,shrinkage=0.0",val,popularity_percentile,20.0,0.6942695097416349,864,0,20260903,20260905T070000,1788572480
item_knn,"centering=item,neighbourhood_size=80,shrinkage=0.0",val,gini,20.0,0.9011974573780129,864,0,20260903,20260905T070000,1788572480
item_knn,"centering=user,neighbourhood_size=80,shrinkage=0.0",val,rmse,,1.044669676123085,943,9988,20260903,20260905T070000,1788572504
item_knn,"centering=user,neighbourhood_size=80,shrinkage=0.0",val,mae,,0.8286329708163775,943,9988,20260903,20260905T070000,1788572504
item_knn,"centering=user,neighbourhood_size=80,shrinkage=0.0",val,precision_at_k,5.0,0.02384259259259259,864,0,20260903,20260905T070000,1788572504
item_knn,"centering=user,neighbourhood_size=80,shrinkage=0.0",val,recall_at_k,5.0,0.018066326198696928,864,0,20260903,20260905T070000,1788572504
item_knn,"centering=user,neighbourhood_size=80,shrinkage=0.0",val,coverage,5.0,0.2438095238095238,864,0,20260903,20260905T070000,1788572504
item_knn,"centering=user,neighbourhood_size=80,shrinkage=0.0",val,mean_popularity,5.0,137.6798611111111,864,0,20260903,20260905T070000,1788572504
item_knn,"centering=user,neighbourhood_size=80,shrinkage=0.0",val,popularity_percentile,5.0,0.7326662431173231,864,0,20260903,20260905T070000,1788572504
item_knn,"centering=user,neighbourhood_size=80,shrinkage=0.0",val,gini,5.0,0.9458977072310406,864,0,20260903,20260905T070000,1788572504
item_knn,"centering=user,neighbourhood_size=80,shrinkage=0.0",val,precision_at_k,10.0,0.02199074074074074,864,0,20260903,20260905T070000,1788572504
item_knn,"centering=user,neighbourhood_size=80,shrinkage=0.0",val,recall_at_k,10.0,0.03158429496270844,864,0,20260903,20260905T070000,1788572504
item_knn,"centering=user,neighbourhood_size=80,shrinkage=0.0",val,coverage,10.0,0.34285714285714286,864,0,20260903,20260905T070000,1788572504
item_knn,"centering=user,neighbourhood_size=80,shrinkage=0.0",val,mean_popularity,10.0,133.7295138888889,864,0,20260903,20260905T070000,1788572504
item_knn,"centering=user,neighbourhood_size=80,shrinkage=0.0",val,popularity_percentile,10.0,0.7355430696738671,864,0,20260903,20260905T070000,1788572504
item_knn,"centering=user,neighbourhood_size=80,shrinkage=0.0",val,gini,10.0,0.9310221928277483,864,0,20260903,20260905T070000,1788572504
item_knn,"centering=user,neighbourhood_size=80,shrinkage=0.0",val,precision_at_k,20.0,0.02077546296296296,864,0,20260903,20260905T070000,1788572504
item_knn,"centering=user,neighbourhood_size=80,shrinkage=0.0",val,recall_at_k,20.0,0.06143343696828984,864,0,20260903,20260905T070000,1788572504
item_knn,"centering=user,neighbourhood_size=80,shrinkage=0.0",val,coverage,20.0,0.4742857142857143,864,0,20260903,20260905T070000,1788572504
item_knn,"centering=user,neighbourhood_size=80,shrinkage=0.0",val,mean_popularity,20.0,127.91105324074074,864,0,20260903,20260905T070000,1788572504
item_knn,"centering=user,neighbourhood_size=80,shrinkage=0.0",val,popularity_percentile,20.0,0.7382295931573252,864,0,20260903,20260905T070000,1788572504
item_knn,"centering=user,neighbourhood_size=80,shrinkage=0.0",val,gini,20.0,0.9105965608465608,864,0,20260903,20260905T070000,1788572504
item_knn,"centering=item,neighbourhood_size=80,shrinkage=10.0",val,rmse,,0.9664789923830743,943,9988,20260903,20260905T070000,1788572529
item_knn,"centering=item,neighbourhood_size=80,shrinkage=10.0",val,mae,,0.7603293600048704,943,9988,20260903,20260905T070000,1788572529
item_knn,"centering=item,neighbourhood_size=80,shrinkage=10.0",val,precision_at_k,5.0,0.020833333333333332,864,0,20260903,20260905T070000,1788572529
item_knn,"centering=item,neighbourhood_size=80,shrinkage=10.0",val,recall_at_k,5.0,0.014713267799005017,864,0,20260903,20260905T070000,1788572529
item_knn,"centering=item,neighbourhood_size=80,shrinkage=10.0",val,coverage,5.0,0.23174603174603176,864,0,20260903,20260905T070000,1788572529
item_knn,"centering=item,neighbourhood_size=80,shrinkage=10.0",val,mean_popularity,5.0,104.43611111111112,864,0,20260903,20260905T070000,1788572529
item_knn,"centering=item,neighbourhood_size=80,shrinkage=10.0",val,popularity_percentile,5.0,0.6592469057367405,864,0,20260903,20260905T070000,1788572529
item_knn,"centering=item,neighbourhood_size=80,shrinkage=10.0",val,gini,5.0,0.9373445032333921,864,0,20260903,20260905T070000,1788572529
item_knn,"centering=item,neighbourhood_size=80,shrinkage=10.0",val,precision_at_k,10.0,0.01886574074074074,864,0,20260903,20260905T070000,1788572529
item_knn,"centering=item,neighbourhood_size=80,shrinkage=10.0",val,recall_at_k,10.0,0.025598077423563192,864,0,20260903,20260905T070000,1788572529
item_knn,"centering=item,neighbourhood_size=80,shrinkage=10.0",val,coverage,10.0,0.31682539682539684,864,0,20260903,20260905T070000,1788572529
item_knn,"centering=item,neighbourhood_size=80,shrinkage=10.0",val,mean_popularity,10.0,105.48472222222222,864,0,20260903,20260905T070000,1788572529
item_knn,"centering=item,neighbourhood_size=80,shrinkage=10.0",val,popularity_percentile,10.0,0.6741970210362841,864,0,20260903,20260905T070000,1788572529
item_knn,"centering=item,neighbourhood_size=80,shrinkage=10.0",val,gini,10.0,0.9206898883009994,864,0,20260903,20260905T070000,1788572529
item_knn,"centering=item,neighbourhood_size=80,shrinkage=10.0",val,precision_at_k,20.0,0.016840277777777777,864,0,20260903,20260905T070000,1788572529
item_knn,"centering=item,neighbourhood_size=80,shrinkage=10.0",val,recall_at_k,20.0,0.04923949994255544,864,0,20260903,20260905T070000,1788572529
item_knn,"centering=item,neighbourhood_size=80,shrinkage=10.0",val,coverage,20.0,0.42095238095238097,864,0,20260903,20260905T070000,1788572529
item_knn,"centering=item,neighbourhood_size=80,shrinkage=10.0",val,mean_popularity,20.0,104.0521412037037,864,0,20260903,20260905T070000,1788572529
item_knn,"centering=item,neighbourhood_size=80,shrinkage=10.0",val,popularity_percentile,20.0,0.6821773598169326,864,0,20260903,20260905T070000,1788572529
item_knn,"centering=item,neighbourhood_size=80,shrinkage=10.0",val,gini,20.0,0.8999910346854791,864,0,20260903,20260905T070000,1788572529
item_knn,"centering=user,neighbourhood_size=80,shrinkage=10.0",val,rmse,,1.053261492597081,943,9988,20260903,20260905T070000,1788572552
item_knn,"centering=user,neighbourhood_size=80,shrinkage=10.0",val,mae,,0.831403043419057,943,9988,20260903,20260905T070000,1788572552
item_knn,"centering=user,neighbourhood_size=80,shrinkage=10.0",val,precision_at_k,5.0,0.023842592592592596,864,0,20260903,20260905T070000,1788572552
item_knn,"centering=user,neighbourhood_size=80,shrinkage=10.0",val,recall_at_k,5.0,0.01862856530473029,864,0,20260903,20260905T070000,1788572552
item_knn,"centering=user,neighbourhood_size=80,shrinkage=10.0",val,coverage,5.0,0.2526984126984127,864,0,20260903,20260905T070000,1788572552
item_knn,"centering=user,neighbourhood_size=80,shrinkage=10.0",val,mean_popularity,5.0,133.36111111111111,864,0,20260903,20260905T070000,1788572552
item_knn,"centering=user,neighbourhood_size=80,shrinkage=10.0",val,popularity_percentile,5.0,0.7336993799708221,864,0,20260903,20260905T070000,1788572552
item_knn,"centering=user,neighbourhood_size=80,shrinkage=10.0",val,gini,5.0,0.9438762492651381,864,0,20260903,20260905T070000,1788572552
item_knn,"centering=user,neighbourhood_size=80,shrinkage=10.0",val,precision_at_k,10.0,0.02152777777777778,864,0,20260903,20260905T070000,1788572552
item_knn,"centering=user,neighbourhood_size=80,shrinkage=10.0",val,recall_at_k,10.0,0.03215887990201377,864,0,20260903,20260905T070000,1788572552
item_knn,"centering=user,neighbourhood_size=80,shrinkage=10.0",val,coverage,10.0,0.36,864,0,20260903,20260905T070000,1788572552
item_knn,"centering=user,neighbourhood_size=80,shrinkage=10.0",val,mean_popularity,10.0,130.23275462962962,864,0,20260903,20260905T070000,1788572552
item_knn,"centering=user,neighbourhood_size=80,shrinkage=10.0",val,popularity_percentile,10.0,0.7380144359734575,864,0,20260903,20260905T070000,1788572552
item_knn,"centering=user,neighbourhood_size=80,shrinkage=10.0",val,gini,10.0,0.9276940035273369,864,0,20260903,20260905T070000,1788572552
item_knn,"centering=user,neighbourhood_size=80,shrinkage=10.0",val,precision_at_k,20.0,0.019849537037037037,864,0,20260903,20260905T070000,1788572552
item_knn,"centering=user,neighbourhood_size=80,shrinkage=10.0",val,recall_at_k,20.0,0.05861591460657279,864,0,20260903,20260905T070000,1788572552
item_knn,"centering=user,neighbourhood_size=80,shrinkage=10.0",val,coverage,20.0,0.49523809523809526,864,0,20260903,20260905T070000,1788572552
item_knn,"centering=user,neighbourhood_size=80,shrinkage=10.0",val,mean_popularity,20.0,124.17650462962963,864,0,20260903,20260905T070000,1788572552
item_knn,"centering=user,neighbourhood_size=80,shrinkage=10.0",val,popularity_percentile,20.0,0.7372527457174455,864,0,20260903,20260905T070000,1788572552
item_knn,"centering=user,neighbourhood_size=80,shrinkage=10.0",val,gini,20.0,0.9065487948265726,864,0,20260903,20260905T070000,1788572552
item_knn,"centering=item,neighbourhood_size=80,shrinkage=50.0",val,rmse,,0.9659178105240179,943,9988,20260903,20260905T070000,1788572577
item_knn,"centering=item,neighbourhood_size=80,shrinkage=50.0",val,mae,,0.7599641702131351,943,9988,20260903,20260905T070000,1788572577
item_knn,"centering=item,neighbourhood_size=80,shrinkage=50.0",val,precision_at_k,5.0,0.020833333333333332,864,0,20260903,20260905T070000,1788572577
item_knn,"centering=item,neighbourhood_size=80,shrinkage=50.0",val,recall_at_k,5.0,0.015165656895856834,864,0,20260903,20260905T070000,1788572577
item_knn,"centering=item,neighbourhood_size=80,shrinkage=50.0",val,coverage,5.0,0.23492063492063492,864,0,20260903,20260905T070000,1788572577
item_knn,"centering=item,neighbourhood_size=80,shrinkage=50.0",val,mean_popularity,5.0,103.71064814814815,864,0,20260903,20260905T070000,1788572577
item_knn,"centering=item,neighbourhood_size=80,shrinkage=50.0",val,popularity_percentile,5.0,0.6600542966727846,864,0,20260903,20260905T070000,1788572577
item_knn,"centering=item,neighbourhood_size=80,shrinkage=50.0",val,gini,5.0,0.9361308054085832,864,0,20260903,20260905T070000,1788572577
item_knn,"centering=item,neighbourhood_size=80,shrinkage=50.0",val,precision_at_k,10.0,0.01875,864,0,20260903,20260905T070000,1788572577
item_knn,"centering=item,neighbourhood_size=80,shrinkage=50.0",val,recall_at_k,10.0,0.025328226660291376,864,0,20260903,20260905T070000,1788572577
item_knn,"centering=item,neighbourhood_size=80,shrinkage=50.0",val,coverage,10.0,0.32126984126984126,864,0,20260903,20260905T070000,1788572577
item_knn,"centering=item,neighbourhood_size=80,shrinkage=50.0",val,mean_popularity,10.0,104.5300925925926,864,0,20260903,20260905T070000,1788572577
item_knn,"centering=item,neighbourhood_size=80,shrinkage=50.0",val,popularity_percentile,10.0,0.6742738628876652,864,0,20260903,20260905T070000,1788572577
item_knn,"centering=item,neighbourhood_size=80,shrinkage=50.0",val,gini,10.0,0.9185470311581423,864,0,20260903,20260905T070000,1788572577
item_knn,"centering=item,neighbourhood_size=80,shrinkage=50.0",val,precision_at_k,20.0,0.016898148148148148,864,0,20260903,20260905T070000,1788572577
item_knn,"centering=item,neighbourhood_size=80,shrinkage=50.0",val,recall_at_k,20.0,0.04854666760356317,864,0,20260903,20260905T070000,1788572577
item_knn,"centering=item,neighbourhood_size=80,shrinkage=50.0",val,coverage,20.0,0.4273015873015873,864,0,20260903,20260905T070000,1788572577
item_knn,"centering=item,neighbourhood_size=80,shrinkage=50.0",val,mean_popularity,20.0,102.51163194444445,864,0,20260903,20260905T070000,1788572577
item_knn,"centering=item,neighbourhood_size=80,shrinkage=50.0",val,popularity_percentile,20.0,0.6784143518518518,864,0,20260903,20260905T070000,1788572577
item_knn,"centering=item,neighbourhood_size=80,shrinkage=50.0",val,gini,20.0,0.8960205761316873,864,0,20260903,20260905T070000,1788572577
item_knn,"centering=user,neighbourhood_size=80,shrinkage=50.0",val,rmse,,1.0583498539889806,943,9988,20260903,20260905T070000,1788572601
item_knn,"centering=user,neighbourhood_size=80,shrinkage=50.0",val,mae,,0.8334361274928032,943,9988,20260903,20260905T070000,1788572601
item_knn,"centering=user,neighbourhood_size=80,shrinkage=50.0",val,precision_at_k,5.0,0.023611111111111114,864,0,20260903,20260905T070000,1788572601
item_knn,"centering=user,neighbourhood_size=80,shrinkage=50.0",val,recall_at_k,5.0,0.017714124004004267,864,0,20260903,20260905T070000,1788572601
item_knn,"centering=user,neighbourhood_size=80,shrinkage=50.0",val,coverage,5.0,0.24698412698412697,864,0,20260903,20260905T070000,1788572601
item_knn,"centering=user,neighbourhood_size=80,shrinkage=50.0",val,mean_popularity,5.0,133.00046296296296,864,0,20260903,20260905T070000,1788572601
item_knn,"centering=user,neighbourhood_size=80,shrinkage=50.0",val,popularity_percentile,5.0,0.7432318873829357,864,0,20260903,20260905T070000,1788572601
item_knn,"centering=user,neighbourhood_size=80,shrinkage=50.0",val,gini,5.0,0.9437619047619048,864,0,20260903,20260905T070000,1788572601
item_knn,"centering=user,neighbourhood_size=80,shrinkage=50.0",val,precision_at_k,10.0,0.020833333333333332,864,0,20260903,20260905T070000,1788572601
item_knn,"centering=user,neighbourhood_size=80,shrinkage=50.0",val,recall_at_k,10.0,0.02992984875226503,864,0,20260903,20260905T070000,1788572601
item_knn,"centering=user,neighbourhood_size=80,shrinkage=50.0",val,coverage,10.0,0.3568253968253968,864,0,20260903,20260905T070000,1788572601
item_knn,"centering=user,neighbourhood_size=80,shrinkage=50.0",val,mean_popularity,10.0,130.18425925925925,864,0,20260903,20260905T070000,1788572601
item_knn,"centering=user,neighbourhood_size=80,shrinkage=50.0",val,popularity_percentile,10.0,0.7465750594145607,864,0,20260903,20260905T070000,1788572601
item_knn,"centering=user,neighbourhood_size=80,shrinkage=50.0",val,gini,10.0,0.9265192533803644,864,0,20260903,20260905T070000,1788572601
item_knn,"centering=user,neighbourhood_size=80,shrinkage=50.0",val,precision_at_k,20.0,0.019965277777777776,864,0,20260903,20260905T070000,1788572601
item_knn,"centering=user,neighbourhood_size=80,shrinkage=50.0",val,recall_at_k,20.0,0.05866671016518085,864,0,20260903,20260905T070000,1788572601
item_knn,"centering=user,neighbourhood_size=80,shrinkage=50.0",val,coverage,20.0,0.5034920634920635,864,0,20260903,20260905T070000,1788572601
item_knn,"centering=user,neighbourhood_size=80,shrinkage=50.0",val,mean_popularity,20.0,124.17974537037037,864,0,20260903,20260905T070000,1788572601
item_knn,"centering=user,neighbourhood_size=80,shrinkage=50.0",val,popularity_percentile,20.0,0.7445107710951103,864,0,20260903,20260905T070000,1788572601
item_knn,"centering=user,neighbourhood_size=80,shrinkage=50.0",val,gini,20.0,0.9042396384479717,864,0,20260903,20260905T070000,1788572601
item_knn,"centering=item,neighbourhood_size=80,shrinkage=100.0",val,rmse,,0.9657040709128585,943,9988,20260903,20260905T070000,1788572626
item_knn,"centering=item,neighbourhood_size=80,shrinkage=100.0",val,mae,,0.759784301144309,943,9988,20260903,20260905T070000,1788572626
item_knn,"centering=item,neighbourhood_size=80,shrinkage=100.0",val,precision_at_k,5.0,0.020833333333333332,864,0,20260903,20260905T070000,1788572626
item_knn,"centering=item,neighbourhood_size=80,shrinkage=100.0",val,recall_at_k,5.0,0.014038748021552127,864,0,20260903,20260905T070000,1788572626
item_knn,"centering=item,neighbourhood_size=80,shrinkage=100.0",val,coverage,5.0,0.23555555555555555,864,0,20260903,20260905T070000,1788572626
item_knn,"centering=item,neighbourhood_size=80,shrinkage=100.0",val,mean_popularity,5.0,104.67546296296297,864,0,20260903,20260905T070000,1788572626
item_knn,"centering=item,neighbourhood_size=80,shrinkage=100.0",val,popularity_percentile,5.0,0.6619564450091769,864,0,20260903,20260905T070000,1788572626
item_knn,"centering=item,neighbourhood_size=80,shrinkage=100.0",val,gini,5.0,0.9353665490887713,864,0,20260903,20260905T070000,1788572626
item_knn,"centering=item,neighbourhood_size=80,shrinkage=100.0",val,precision_at_k,10.0,0.01863425925925926,864,0,20260903,20260905T070000,1788572626
item_knn,"centering=item,neighbourhood_size=80,shrinkage=100.0",val,recall_at_k,10.0,0.025453305143374245,864,0,20260903,20260905T070000,1788572626
item_knn,"centering=item,neighbourhood_size=80,shrinkage=100.0",val,coverage,10.0,0.3238095238095238,864,0,20260903,20260905T070000,1788572626
item_knn,"centering=item,neighbourhood_size=80,shrinkage=100.0",val,mean_popularity,10.0,104.82337962962963,864,0,20260903,20260905T070000,1788572626
item_knn,"centering=item,neighbourhood_size=80,shrinkage=100.0",val,popularity_percentile,10.0,0.6752405995576264,864,0,20260903,20260905T070000,1788572626
item_knn,"centering=item,neighbourhood_size=80,shrinkage=100.0",val,gini,10.0,0.9178624338624338,864,0,20260903,20260905T070000,1788572626
item_knn,"centering=item,neighbourhood_size=80,shrinkage=100.0",val,precision_at_k,20.0,0.017245370370370373,864,0,20260903,20260905T070000,1788572626
item_knn,"centering=item,neighbourhood_size=80,shrinkage=100.0",val,recall_at_k,20.0,0.05056599060241834,864,0,20260903,20260905T070000,1788572626
item_knn,"centering=item,neighbourhood_size=80,shrinkage=100.0",val,coverage,20.0,0.42793650793650795,864,0,20260903,20260905T070000,1788572626
item_knn,"centering=item,neighbourhood_size=80,shrinkage=100.0",val,mean_popularity,20.0,102.46273148148148,864,0,20260903,20260905T070000,1788572626
item_knn,"centering=item,neighbourhood_size=80,shrinkage=100.0",val,popularity_percentile,20.0,0.6789618776177703,864,0,20260903,20260905T070000,1788572626
item_knn,"centering=item,neighbourhood_size=80,shrinkage=100.0",val,gini,20.0,0.8950960464432687,864,0,20260903,20260905T070000,1788572626
item_knn,"centering=user,neighbourhood_size=80,shrinkage=100.0",val,rmse,,1.059994972368195,943,9988,20260903,20260905T070000,1788572649
item_knn,"centering=user,neighbourhood_size=80,shrinkage=100.0",val,mae,,0.8342149532983749,943,9988,20260903,20260905T070000,1788572649
item_knn,"centering=user,neighbourhood_size=80,shrinkage=100.0",val,precision_at_k,5.0,0.02592592592592593,864,0,20260903,20260905T070000,1788572649
item_knn,"centering=user,neighbourhood_size=80,shrinkage=100.0",val,recall_at_k,5.0,0.019529928655457066,864,0,20260903,20260905T070000,1788572649
item_knn,"centering=user,neighbourhood_size=80,shrinkage=100.0",val,coverage,5.0,0.24761904761904763,864,0,20260903,20260905T070000,1788572649
item_knn,"centering=user,neighbourhood_size=80,shrinkage=100.0",val,mean_popularity,5.0,133.28518518518518,864,0,20260903,20260905T070000,1788572649
item_knn,"centering=user,neighbourhood_size=80,shrinkage=100.0",val,popularity_percentile,5.0,0.7457192103157796,864,0,20260903,20260905T070000,1788572649
item_knn,"centering=user,neighbourhood_size=80,shrinkage=100.0",val,gini,5.0,0.9434994121105232,864,0,20260903,20260905T070000,1788572649
item_knn,"centering=user,neighbourhood_size=80,shrinkage=100.0",val,precision_at_k,10.0,0.021296296296296296,864,0,20260903,20260905T070000,1788572649
item_knn,"centering=user,neighbourhood_size=80,shrinkage=100.0",val,recall_at_k,10.0,0.0298355971533838,864,0,20260903,20260905T070000,1788572649
item_knn,"centering=user,neighbourhood_size=80,shrinkage=100.0",val,coverage,10.0,0.3523809523809524,864,0,20260903,20260905T070000,1788572649
item_knn,"centering=user,neighbourhood_size=80,shrinkage=100.0",val,mean_popularity,10.0,131.24270833333333,864,0,20260903,20260905T070000,1788572649
item_knn,"centering=user,neighbourhood_size=80,shrinkage=100.0",val,popularity_percentile,10.0,0.7518176590663092,864,0,20260903,20260905T070000,1788572649
item_knn,"centering=user,neighbourhood_size=80,shrinkage=100.0",val,gini,10.0,0.9264819223985891,864,0,20260903,20260905T070000,1788572649
item_knn,"centering=user,neighbourhood_size=80,shrinkage=100.0",val,precision_at_k,20.0,0.019907407407407405,864,0,20260903,20260905T070000,1788572649
item_knn,"centering=user,neighbourhood_size=80,shrinkage=100.0",val,recall_at_k,20.0,0.05967505752769488,864,0,20260903,20260905T070000,1788572649
item_knn,"centering=user,neighbourhood_size=80,shrinkage=100.0",val,coverage,20.0,0.5034920634920635,864,0,20260903,20260905T070000,1788572649
item_knn,"centering=user,neighbourhood_size=80,shrinkage=100.0",val,mean_popularity,20.0,124.84675925925926,864,0,20260903,20260905T070000,1788572649
item_knn,"centering=user,neighbourhood_size=80,shrinkage=100.0",val,popularity_percentile,20.0,0.7483911742905549,864,0,20260903,20260905T070000,1788572649
item_knn,"centering=user,neighbourhood_size=80,shrinkage=100.0",val,gini,20.0,0.90372810111699,864,0,20260903,20260905T070000,1788572649
item_knn,"centering=item,neighbourhood_size=160,shrinkage=0.0",val,rmse,,0.9685640008745292,943,9988,20260903,20260905T070000,1788572675
item_knn,"centering=item,neighbourhood_size=160,shrinkage=0.0",val,mae,,0.7619146009928255,943,9988,20260903,20260905T070000,1788572675
item_knn,"centering=item,neighbourhood_size=160,shrinkage=0.0",val,precision_at_k,5.0,0.0212962962962963,864,0,20260903,20260905T070000,1788572675
item_knn,"centering=item,neighbourhood_size=160,shrinkage=0.0",val,recall_at_k,5.0,0.015690617783802006,864,0,20260903,20260905T070000,1788572675
item_knn,"centering=item,neighbourhood_size=160,shrinkage=0.0",val,coverage,5.0,0.22984126984126985,864,0,20260903,20260905T070000,1788572675
item_knn,"centering=item,neighbourhood_size=160,shrinkage=0.0",val,mean_popularity,5.0,108.25740740740741,864,0,20260903,20260905T070000,1788572675
item_knn,"centering=item,neighbourhood_size=160,shrinkage=0.0",val,popularity_percentile,5.0,0.6746767494940938,864,0,20260903,20260905T070000,1788572675
item_knn,"centering=item,neighbourhood_size=160,shrinkage=0.0",val,gini,5.0,0.9398571428571428,864,0,20260903,20260905T070000,1788572675
item_knn,"centering=item,neighbourhood_size=160,shrinkage=0.0",val,precision_at_k,10.0,0.019097222222222224,864,0,20260903,20260905T070000,1788572675
item_knn,"centering=item,neighbourhood_size=160,shrinkage=0.0",val,recall_at_k,10.0,0.026841716280325698,864,0,20260903,20260905T070000,1788572675
item_knn,"centering=item,neighbourhood_size=160,shrinkage=0.0",val,coverage,10.0,0.30793650793650795,864,0,20260903,20260905T070000,1788572675
item_knn,"centering=item,neighbourhood_size=160,shrinkage=0.0",val,mean_popularity,10.0,109.35949074074074,864,0,20260903,20260905T070000,1788572675
item_knn,"centering=item,neighbourhood_size=160,shrinkage=0.0",val,popularity_percentile,10.0,0.6885049737634713,864,0,20260903,20260905T070000,1788572675
item_knn,"centering=item,neighbourhood_size=160,shrinkage=0.0",val,gini,10.0,0.9240371840094063,864,0,20260903,20260905T070000,1788572675
item_knn,"centering=item,neighbourhood_size=160,shrinkage=0.0",val,precision_at_k,20.0,0.016493055555555556,864,0,20260903,20260905T070000,1788572675
item_knn,"centering=item,neighbourhood_size=160,shrinkage=0.0",val,recall_at_k,20.0,0.04982089659496731,864,0,20260903,20260905T070000,1788572675
item_knn,"centering=item,neighbourhood_size=160,shrinkage=0.0",val,coverage,20.0,0.42857142857142855,864,0,20260903,20260905T070000,1788572675
item_knn,"centering=item,neighbourhood_size=160,shrinkage=0.0",val,mean_popularity,20.0,106.84646990740741,864,0,20260903,20260905T070000,1788572675
item_knn,"centering=item,neighbourhood_size=160,shrinkage=0.0",val,popularity_percentile,20.0,0.6932344242670244,864,0,20260903,20260905T070000,1788572675
item_knn,"centering=item,neighbourhood_size=160,shrinkage=0.0",val,gini,20.0,0.9022802028218695,864,0,20260903,20260905T070000,1788572675
item_knn,"centering=user,neighbourhood_size=160,shrinkage=0.0",val,rmse,,1.0444165008526713,943,9988,20260903,20260905T070000,1788572698
item_knn,"centering=user,neighbourhood_size=160,shrinkage=0.0",val,mae,,0.8284809457257627,943,9988,20260903,20260905T070000,1788572698
item_knn,"centering=user,neighbourhood_size=160,shrinkage=0.0",val,precision_at_k,5.0,0.024305555555555556,864,0,20260903,20260905T070000,1788572698
item_knn,"centering=user,neighbourhood_size=160,shrinkage=0.0",val,recall_at_k,5.0,0.018155887486174884,864,0,20260903,20260905T070000,1788572698
item_knn,"centering=user,neighbourhood_size=160,shrinkage=0.0",val,coverage,5.0,0.24444444444444444,864,0,20260903,20260905T070000,1788572698
item_knn,"centering=user,neighbourhood_size=160,shrinkage=0.0",val,mean_popularity,5.0,136.84027777777777,864,0,20260903,20260905T070000,1788572698
item_knn,"centering=user,neighbourhood_size=160,shrinkage=0.0",val,popularity_percentile,5.0,0.7308554226081228,864,0,20260903,20260905T070000,1788572698
item_knn,"centering=user,neighbourhood_size=160,shrinkage=0.0",val,gini,5.0,0.9460949441504997,864,0,20260903,20260905T070000,1788572698
item_knn,"centering=user,neighbourhood_size=160,shrinkage=0.0",val,precision_at_k,10.0,0.022106481481481484,864,0,20260903,20260905T070000,1788572698
item_knn,"centering=user,neighbourhood_size=160,shrinkage=0.0",val,recall_at_k,10.0,0.031562463347237904,864,0,20260903,20260905T070000,1788572698
item_knn,"centering=user,neighbourhood_size=160,shrinkage=0.0",val,coverage,10.0,0.3434920634920635,864,0,20260903,20260905T070000,1788572698
item_knn,"centering=user,neighbourhood_size=160,shrinkage=0.0",val,mean_popularity,10.0,133.3287037037037,864,0,20260903,20260905T070000,1788572698
item_knn,"centering=user,neighbourhood_size=160,shrinkage=0.0",val,popularity_percentile,10.0,0.7340707209751047,864,0,20260903,20260905T070000,1788572698
item_knn,"centering=user,neighbourhood_size=160,shrinkage=0.0",val,gini,10.0,0.9313133450911228,864,0,20260903,20260905T070000,1788572698
item_knn,"centering=user,neighbourhood_size=160,shrinkage=0.0",val,precision_at_k,20.0,0.020659722222222225,864,0,20260903,20260905T070000,1788572698
item_knn,"centering=user,neighbourhood_size=160,shrinkage=0.0",val,recall_at_k,20.0,0.06127031589226367,864,0,20260903,20260905T070000,1788572698
item_knn,"centering=user,neighbourhood_size=160,shrinkage=0.0",val,coverage,20.0,0.4742857142857143,864,0,20260903,20260905T070000,1788572698
item_knn,"centering=user,neighbourhood_size=160,shrinkage=0.0",val,mean_popularity,20.0,127.50914351851851,864,0,20260903,20260905T070000,1788572698
item_knn,"centering=user,neighbourhood_size=160,shrinkage=0.0",val,popularity_percentile,20.0,0.7365483375688269,864,0,20260903,20260905T070000,1788572698
item_knn,"centering=user,neighbourhood_size=160,shrinkage=0.0",val,gini,20.0,0.9109279835390947,864,0,20260903,20260905T070000,1788572698
item_knn,"centering=item,neighbourhood_size=160,shrinkage=10.0",val,rmse,,0.9673995769452516,943,9988,20260903,20260905T070000,1788572722
item_knn,"centering=item,neighbourhood_size=160,shrinkage=10.0",val,mae,,0.7613246859022823,943,9988,20260903,20260905T070000,1788572722
item_knn,"centering=item,neighbourhood_size=160,shrinkage=10.0",val,precision_at_k,5.0,0.020601851851851854,864,0,20260903,20260905T070000,1788572722
item_knn,"centering=item,neighbourhood_size=160,shrinkage=10.0",val,recall_at_k,5.0,0.014608048943786164,864,0,20260903,20260905T070000,1788572722
item_knn,"centering=item,neighbourhood_size=160,shrinkage=10.0",val,coverage,5.0,0.2311111111111111,864,0,20260903,20260905T070000,1788572722
item_knn,"centering=item,neighbourhood_size=160,shrinkage=10.0",val,mean_popularity,5.0,104.05,864,0,20260903,20260905T070000,1788572722
item_knn,"centering=item,neighbourhood_size=160,shrinkage=10.0",val,popularity_percentile,5.0,0.657950668266742,864,0,20260903,20260905T070000,1788572722
item_knn,"centering=item,neighbourhood_size=160,shrinkage=10.0",val,gini,5.0,0.938050558495003,864,0,20260903,20260905T070000,1788572722
item_knn,"centering=item,neighbourhood_size=160,shrinkage=10.0",val,precision_at_k,10.0,0.018055555555555554,864,0,20260903,20260905T070000,1788572722
item_knn,"centering=item,neighbourhood_size=160,shrinkage=10.0",val,recall_at_k,10.0,0.02504344221642663,864,0,20260903,20260905T070000,1788572722
item_knn,"centering=item,neighbourhood_size=160,shrinkage=10.0",val,coverage,10.0,0.31492063492063493,864,0,20260903,20260905T070000,1788572722
item_knn,"centering=item,neighbourhood_size=160,shrinkage=10.0",val,mean_popularity,10.0,105.34166666666667,864,0,20260903,20260905T070000,1788572722
item_knn,"centering=item,neighbourhood_size=160,shrinkage=10.0",val,popularity_percentile,10.0,0.6736136112287637,864,0,20260903,20260905T070000,1788572722
item_knn,"centering=item,neighbourhood_size=160,shrinkage=10.0",val,gini,10.0,0.9216568195179307,864,0,20260903,20260905T070000,1788572722
item_knn,"centering=item,neighbourhood_size=160,shrinkage=10.0",val,precision_at_k,20.0,0.01666666666666667,864,0,20260903,20260905T070000,1788572722
item_knn,"centering=item,neighbourhood_size=160,shrinkage=10.0",val,recall_at_k,20.0,0.048234852361192376,864,0,20260903,20260905T070000,1788572722
item_knn,"centering=item,neighbourhood_size=160,shrinkage=10.0",val,coverage,20.0,0.41968253968253966,864,0,20260903,20260905T070000,1788572722
item_knn,"centering=item,neighbourhood_size=160,shrinkage=10.0",val,mean_popularity,20.0,103.94820601851852,864,0,20260903,20260905T070000,1788572722
item_knn,"centering=item,neighbourhood_size=160,shrinkage=10.0",val,popularity_percentile,20.0,0.68129889935997,864,0,20260903,20260905T070000,1788572722
item_knn,"centering=item,neighbourhood_size=160,shrinkage=10.0",val,gini,20.0,0.9011369782480894,864,0,20260903,20260905T070000,1788572722
item_knn,"centering=user,neighbourhood_size=160,shrinkage=10.0",val,rmse,,1.052314705916583,943,9988,20260903,20260905T070000,1788572743
item_knn,"centering=user,neighbourhood_size=160,shrinkage=10.0",val,mae,,0.8309798869299254,943,9988,20260903,20260905T070000,1788572743
item_knn,"centering=user,neighbourhood_size=160,shrinkage=10.0",val,precision_at_k,5.0,0.023842592592592596,864,0,20260903,20260905T070000,1788572743
item_knn,"centering=user,neighbourhood_size=160,shrinkage=10.0",val,recall_at_k,5.0,0.01858928717765454,864,0,20260903,20260905T070000,1788572743
item_knn,"centering=user,neighbourhood_size=160,shrinkage=10.0",val,coverage,5.0,0.2507936507936508,864,0,20260903,20260905T070000,1788572743
item_knn,"centering=user,neighbourhood_size=160,shrinkage=10.0",val,mean_popularity,5.0,132.43726851851852,864,0,20260903,20260905T070000,1788572743
item_knn,"centering=user,neighbourhood_size=160,shrinkage=10.0",val,popularity_percentile,5.0,0.7317214927761306,864,0,20260903,20260905T070000,1788572743
item_knn,"centering=user,neighbourhood_size=160,shrinkage=10.0",val,gini,5.0,0.9446249265138154,864,0,20260903,20260905T070000,1788572743
item_knn,"centering=user,neighbourhood_size=160,shrinkage=10.0",val,precision_at_k,10.0,0.02141203703703704,864,0,20260903,20260905T070000,1788572743
item_knn,"centering=user,neighbourhood_size=160,shrinkage=10.0",val,recall_at_k,10.0,0.03196597866744587,864,0,20260903,20260905T070000,1788572743
item_knn,"centering=user,neighbourhood_size=160,shrinkage=10.0",val,coverage,10.0,0.35873015873015873,864,0,20260903,20260905T070000,1788572743
item_knn,"centering=user,neighbourhood_size=160,shrinkage=10.0",val,mean_popularity,10.0,129.93287037037038,864,0,20260903,20260905T070000,1788572743
item_knn,"centering=user,neighbourhood_size=160,shrinkage=10.0",val,popularity_percentile,10.0,0.7368182032095628,864,0,20260903,20260905T070000,1788572743
item_knn,"centering=user,neighbourhood_size=160,shrinkage=10.0",val,gini,10.0,0.9281183127572017,864,0,20260903,20260905T070000,1788572743
item_knn,"centering=user,neighbourhood_size=160,shrinkage=10.0",val,precision_at_k,20.0,0.019560185185185184,864,0,20260903,20260905T070000,1788572743
item_knn,"centering=user,neighbourhood_size=160,shrinkage=10.0",val,recall_at_k,20.0,0.05874099421660611,864,0,20260903,20260905T070000,1788572743
item_knn,"centering=user,neighbourhood_size=160,shrinkage=10.0",val,coverage,20.0,0.49333333333333335,864,0,20260903,20260905T070000,1788572743
item_knn,"centering=user,neighbourhood_size=160,shrinkage=10.0",val,mean_popularity,20.0,123.71255787037038,864,0,20260903,20260905T070000,1788572743
item_knn,"centering=user,neighbourhood_size=160,shrinkage=10.0",val,popularity_percentile,20.0,0.7357635947574004,864,0,20260903,20260905T070000,1788572743
item_knn,"centering=user,neighbourhood_size=160,shrinkage=10.0",val,gini,20.0,0.9072225896531452,864,0,20260903,20260905T070000,1788572743
item_knn,"centering=item,neighbourhood_size=160,shrinkage=50.0",val,rmse,,0.9664371832314442,943,9988,20260903,20260905T070000,1788572767
item_knn,"centering=item,neighbourhood_size=160,shrinkage=50.0",val,mae,,0.760588732429462,943,9988,20260903,20260905T070000,1788572767
item_knn,"centering=item,neighbourhood_size=160,shrinkage=50.0",val,precision_at_k,5.0,0.020601851851851854,864,0,20260903,20260905T070000,1788572767
item_knn,"centering=item,neighbourhood_size=160,shrinkage=50.0",val,recall_at_k,5.0,0.015025168957260344,864,0,20260903,20260905T070000,1788572767
item_knn,"centering=item,neighbourhood_size=160,shrinkage=50.0",val,coverage,5.0,0.2342857142857143,864,0,20260903,20260905T070000,1788572767
item_knn,"centering=item,neighbourhood_size=160,shrinkage=50.0",val,mean_popularity,5.0,103.70208333333333,864,0,20260903,20260905T070000,1788572767
item_knn,"centering=item,neighbourhood_size=160,shrinkage=50.0",val,popularity_percentile,5.0,0.6599994411501717,864,0,20260903,20260905T070000,1788572767
item_knn,"centering=item,neighbourhood_size=160,shrinkage=50.0",val,gini,5.0,0.9367430922986478,864,0,20260903,20260905T070000,1788572767
item_knn,"centering=item,neighbourhood_size=160,shrinkage=50.0",val,precision_at_k,10.0,0.01828703703703704,864,0,20260903,20260905T070000,1788572767
item_knn,"centering=item,neighbourhood_size=160,shrinkage=50.0",val,recall_at_k,10.0,0.025091709278582588,864,0,20260903,20260905T070000,1788572767
item_knn,"centering=item,neighbourhood_size=160,shrinkage=50.0",val,coverage,10.0,0.32126984126984126,864,0,20260903,20260905T070000,1788572767
item_knn,"centering=item,neighbourhood_size=160,shrinkage=50.0",val,mean_popularity,10.0,104.38645833333334,864,0,20260903,20260905T070000,1788572767
item_knn,"centering=item,neighbourhood_size=160,shrinkage=50.0",val,popularity_percentile,10.0,0.6738286948797589,864,0,20260903,20260905T070000,1788572767
item_knn,"centering=item,neighbourhood_size=160,shrinkage=50.0",val,gini,10.0,0.9195743680188124,864,0,20260903,20260905T070000,1788572767
item_knn,"centering=item,neighbourhood_size=160,shrinkage=50.0",val,precision_at_k,20.0,0.016550925925925927,864,0,20260903,20260905T070000,1788572767
item_knn,"centering=item,neighbourhood_size=160,shrinkage=50.0",val,recall_at_k,20.0,0.04820604463410249,864,0,20260903,20260905T070000,1788572767
item_knn,"centering=item,neighbourhood_size=160,shrinkage=50.0",val,coverage,20.0,0.42603174603174604,864,0,20260903,20260905T070000,1788572767
item_knn,"centering=item,neighbourhood_size=160,shrinkage=50.0",val,mean_popularity,20.0,102.53709490740741,864,0,20260903,20260905T070000,1788572767
item_knn,"centering=item,neighbourhood_size=160,shrinkage=50.0",val,popularity_percentile,20.0,0.6781914369499741,864,0,20260903,20260905T070000,1788572767
item_knn,"centering=item,neighbourhood_size=160,shrinkage=50.0",val,gini,20.0,0.8971118459729571,864,0,20260903,20260905T070000,1788572767
item_knn,"centering=user,neighbourhood_size=160,shrinkage=50.0",val,rmse,,1.0572861292072844,943,9988,20260903,20260905T070000,1788572789
item_knn,"centering=user,neighbourhood_size=160,shrinkage=50.0",val,mae,,0.8329051230798439,943,9988,20260903,20260905T070000,1788572789
item_knn,"centering=user,neighbourhood_size=160,shrinkage=50.0",val,precision_at_k,5.0,0.023842592592592596,864,0,20260903,20260905T070000,1788572789
item_knn,"centering=user,neighbourhood_size=160,shrinkage=50.0",val,recall_at_k,5.0,0.017810574621288218,864,0,20260903,20260905T070000,1788572789
item_knn,"centering=user,neighbourhood_size=160,shrinkage=50.0",val,coverage,5.0,0.24571428571428572,864,0,20260903,20260905T070000,1788572789
item_knn,"centering=user,neighbourhood_size=160,shrinkage=50.0",val,mean_popularity,5.0,132.32708333333332,864,0,20260903,20260905T070000,1788572789
item_knn,"centering=user,neighbourhood_size=160,shrinkage=50.0",val,popularity_percentile,5.0,0.7412569415031296,864,0,20260903,20260905T070000,1788572789
item_knn,"centering=user,neighbourhood_size=160,shrinkage=50.0",val,gini,5.0,0.9441069958847736,864,0,20260903,20260905T070000,1788572789
item_knn,"centering=user,neighbourhood_size=160,shrinkage=50.0",val,precision_at_k,10.0,0.02071759259259259,864,0,20260903,20260905T070000,1788572789
item_knn,"centering=user,neighbourhood_size=160,shrinkage=50.0",val,recall_at_k,10.0,0.029718575971547808,864,0,20260903,20260905T070000,1788572789
item_knn,"centering=user,neighbourhood_size=160,shrinkage=50.0",val,coverage,10.0,0.35619047619047617,864,0,20260903,20260905T070000,1788572789
item_knn,"centering=user,neighbourhood_size=160,shrinkage=50.0",val,mean_popularity,10.0,130.06770833333334,864,0,20260903,20260905T070000,1788572789
item_knn,"centering=user,neighbourhood_size=160,shrinkage=50.0",val,popularity_percentile,10.0,0.7460892277283637,864,0,20260903,20260905T070000,1788572789
item_knn,"centering=user,neighbourhood_size=160,shrinkage=50.0",val,gini,10.0,0.9269188712522046,864,0,20260903,20260905T070000,1788572789
item_knn,"centering=user,neighbourhood_size=160,shrinkage=50.0",val,precision_at_k,20.0,0.019733796296296298,864,0,20260903,20260905T070000,1788572789
item_knn,"centering=user,neighbourhood_size=160,shrinkage=50.0",val,recall_at_k,20.0,0.05833659644531019,864,0,20260903,20260905T070000,1788572789
item_knn,"centering=user,neighbourhood_size=160,shrinkage=50.0",val,coverage,20.0,0.5034920634920635,864,0,20260903,20260905T070000,1788572789
item_knn,"centering=user,neighbourhood_size=160,shrinkage=50.0",val,mean_popularity,20.0,123.96961805555556,864,0,20260903,20260905T070000,1788572789
item_knn,"centering=user,neighbourhood_size=160,shrinkage=50.0",val,popularity_percentile,20.0,0.7436552896606899,864,0,20260903,20260905T070000,1788572789
item_knn,"centering=user,neighbourhood_size=160,shrinkage=50.0",val,gini,20.0,0.9045813492063493,864,0,20260903,20260905T070000,1788572789
item_knn,"centering=item,neighbourhood_size=160,shrinkage=100.0",val,rmse,,0.9660869262114418,943,9988,20260903,20260905T070000,1788572817
item_knn,"centering=item,neighbourhood_size=160,shrinkage=100.0",val,mae,,0.7603056631252827,943,9988,20260903,20260905T070000,1788572817
item_knn,"centering=item,neighbourhood_size=160,shrinkage=100.0",val,precision_at_k,5.0,0.02013888888888889,864,0,20260903,20260905T070000,1788572817
item_knn,"centering=item,neighbourhood_size=160,shrinkage=100.0",val,recall_at_k,5.0,0.013716684489053652,864,0,20260903,20260905T070000,1788572817
item_knn,"centering=item,neighbourhood_size=160,shrinkage=100.0",val,coverage,5.0,0.23492063492063492,864,0,20260903,20260905T070000,1788572817
item_knn,"centering=item,neighbourhood_size=160,shrinkage=100.0",val,mean_popularity,5.0,104.51898148148148,864,0,20260903,20260905T070000,1788572817
item_knn,"centering=item,neighbourhood_size=160,shrinkage=100.0",val,popularity_percentile,5.0,0.6614889230081415,864,0,20260903,20260905T070000,1788572817
item_knn,"centering=item,neighbourhood_size=160,shrinkage=100.0",val,gini,5.0,0.9360429159318048,864,0,20260903,20260905T070000,1788572817
item_knn,"centering=item,neighbourhood_size=160,shrinkage=100.0",val,precision_at_k,10.0,0.01828703703703704,864,0,20260903,20260905T070000,1788572817
item_knn,"centering=item,neighbourhood_size=160,shrinkage=100.0",val,recall_at_k,10.0,0.02530689276248474,864,0,20260903,20260905T070000,1788572817
item_knn,"centering=item,neighbourhood_size=160,shrinkage=100.0",val,coverage,10.0,0.32317460317460317,864,0,20260903,20260905T070000,1788572817
item_knn,"centering=item,neighbourhood_size=160,shrinkage=100.0",val,mean_popularity,10.0,104.75578703703704,864,0,20260903,20260905T070000,1788572817
item_knn,"centering=item,neighbourhood_size=160,shrinkage=100.0",val,popularity_percentile,10.0,0.6750034560449903,864,0,20260903,20260905T070000,1788572817
item_knn,"centering=item,neighbourhood_size=160,shrinkage=100.0",val,gini,10.0,0.918673721340388,864,0,20260903,20260905T070000,1788572817
item_knn,"centering=item,neighbourhood_size=160,shrinkage=100.0",val,precision_at_k,20.0,0.016898148148148148,864,0,20260903,20260905T070000,1788572817
item_knn,"centering=item,neighbourhood_size=160,shrinkage=100.0",val,recall_at_k,20.0,0.050202769249874726,864,0,20260903,20260905T070000,1788572817
item_knn,"centering=item,neighbourhood_size=160,shrinkage=100.0",val,coverage,20.0,0.42603174603174604,864,0,20260903,20260905T070000,1788572817
item_knn,"centering=item,neighbourhood_size=160,shrinkage=100.0",val,mean_popularity,20.0,102.21591435185185,864,0,20260903,20260905T070000,1788572817
item_knn,"centering=item,neighbourhood_size=160,shrinkage=100.0",val,popularity_percentile,20.0,0.6777246502776602,864,0,20260903,20260905T070000,1788572817
item_knn,"centering=item,neighbourhood_size=160,shrinkage=100.0",val,gini,20.0,0.8959190182245738,864,0,20260903,20260905T070000,1788572817
item_knn,"centering=user,neighbourhood_size=160,shrinkage=100.0",val,rmse,,1.0589149496261128,943,9988,20260903,20260905T070000,1788572839
item_knn,"centering=user,neighbourhood_size=160,shrinkage=100.0",val,mae,,0.8336624123583216,943,9988,20260903,20260905T070000,1788572839
item_knn,"centering=user,neighbourhood_size=160,shrinkage=100.0",val,precision_at_k,5.0,0.02546296296296297,864,0,20260903,20260905T070000,1788572839
item_knn,"centering=user,neighbourhood_size=160,shrinkage=100.0",val,recall_at_k,5.0,0.019325156575684985,864,0,20260903,20260905T070000,1788572839
item_knn,"centering=user,neighbourhood_size=160,shrinkage=100.0",val,coverage,5.0,0.24761904761904763,864,0,20260903,20260905T070000,1788572839
item_knn,"centering=user,neighbourhood_size=160,shrinkage=100.0",val,mean_popularity,5.0,132.94166666666666,864,0,20260903,20260905T070000,1788572839
item_knn,"centering=user,neighbourhood_size=160,shrinkage=100.0",val,popularity_percentile,5.0,0.7444331203821356,864,0,20260903,20260905T070000,1788572839
item_knn,"centering=user,neighbourhood_size=160,shrinkage=100.0",val,gini,5.0,0.9437313345091123,864,0,20260903,20260905T070000,1788572839
item_knn,"centering=user,neighbourhood_size=160,shrinkage=100.0",val,precision_at_k,10.0,0.021296296296296296,864,0,20260903,20260905T070000,1788572839
item_knn,"centering=user,neighbourhood_size=160,shrinkage=100.0",val,recall_at_k,10.0,0.0298355971533838,864,0,20260903,20260905T070000,1788572839
item_knn,"centering=user,neighbourhood_size=160,shrinkage=100.0",val,coverage,10.0,0.3523809523809524,864,0,20260903,20260905T070000,1788572839
item_knn,"centering=user,neighbourhood_size=160,shrinkage=100.0",val,mean_popularity,10.0,131.09456018518517,864,0,20260903,20260905T070000,1788572839
item_knn,"centering=user,neighbourhood_size=160,shrinkage=100.0",val,popularity_percentile,10.0,0.7513133706292061,864,0,20260903,20260905T070000,1788572839
item_knn,"centering=user,neighbourhood_size=160,shrinkage=100.0",val,gini,10.0,0.926726631393298,864,0,20260903,20260905T070000,1788572839
item_knn,"centering=user,neighbourhood_size=160,shrinkage=100.0",val,precision_at_k,20.0,0.01984953703703704,864,0,20260903,20260905T070000,1788572839
item_knn,"centering=user,neighbourhood_size=160,shrinkage=100.0",val,recall_at_k,20.0,0.05930651665712854,864,0,20260903,20260905T070000,1788572839
item_knn,"centering=user,neighbourhood_size=160,shrinkage=100.0",val,coverage,20.0,0.5034920634920635,864,0,20260903,20260905T070000,1788572839
item_knn,"centering=user,neighbourhood_size=160,shrinkage=100.0",val,mean_popularity,20.0,124.67002314814815,864,0,20260903,20260905T070000,1788572839
item_knn,"centering=user,neighbourhood_size=160,shrinkage=100.0",val,popularity_percentile,20.0,0.7476635665207775,864,0,20260903,20260905T070000,1788572839
item_knn,"centering=user,neighbourhood_size=160,shrinkage=100.0",val,gini,20.0,0.9040758377425044,864,0,20260903,20260905T070000,1788572839
